isolation_forest,logreg_weighted,xgboost_weighted
-0.08331385337279007,0.0017648164678764513,0.05572409927845001
-0.08681460246677791,0.08819609434659968,0.08484278619289398
-0.08487106016768875,0.1864116123786491,0.07179895788431168
-0.08630932051130802,0.9998472262805377,0.11520562320947647
-0.08466553323601922,0.9999986689734818,0.05836436152458191
-0.08367274217443332,0.4783992642701133,0.1544688642024994
-0.09587107671229383,0.060991855005664904,0.1348860263824463
-0.08290232976065354,0.3256590754614492,0.5223594307899475
-0.05662983692207574,0.8378453101058465,0.6549104452133179
-0.0654643985426554,0.04105320586850592,0.04691347852349281
-0.034610344083247535,0.7704632448597726,0.25593748688697815
-0.0807066013326262,0.048851150539822544,0.190920889377594
-0.09229908382133317,0.023541054163553943,0.13783234357833862
-0.07920589260009736,2.7451656480765445e-05,0.03180970251560211
-0.028005892063805105,0.0014846866040659258,0.6255815625190735
-0.02842964101502221,0.98906524365511,0.2289227843284607
-0.08701101931434763,0.0021913597198308073,0.039996035397052765
-0.08791776107648719,0.861364019227843,0.018263911828398705
-0.09637701160373019,0.27238532324152276,0.020547110587358475
-0.09091909729300374,0.7742766348064818,0.19390861690044403
-0.09689125607130289,0.041489740053231715,0.3749743402004242
-0.09822828356311541,0.6089189999327502,0.10083694010972977
-0.10056022640630369,0.6656553242032861,0.2978810667991638
-0.04245798253851407,0.4056350106491939,0.35628458857536316
-0.05026339701643484,0.530050449969838,0.19226522743701935
-0.039735703855081905,0.12695684497498883,0.03939909487962723
-0.1002097598508182,0.16498220335442834,0.05259265750646591
-0.07764410186435577,0.11021650725702499,0.07117556780576706
-0.09468517886382344,0.552698464666798,0.15279684960842133
-0.09809356323001228,0.43524794497569413,0.3670663833618164
-0.08903731979190471,0.9983870846522996,0.11921224743127823
-0.0833407578891679,0.09503446860201302,0.12263305485248566
-0.097314817852663,0.3947366550017609,0.0338941290974617
-0.054368788453797834,0.8594377748976608,0.19323156774044037
-0.07494778209735736,0.9530564454084365,0.7766762971878052
-0.09256696642408424,0.614988438572626,0.06903163343667984
-0.005569631001866526,0.9972450230383711,0.30280688405036926
-0.09651293064123567,0.6600208603049371,0.22615665197372437
-0.08480315402737071,0.9991717928241983,0.4874837100505829
-0.10290567860570721,0.6448842096637684,0.26114463806152344
-0.06828849191490471,0.931639371794622,0.3965689241886139
-0.11416416325594941,0.19864009301349458,0.017644645646214485
-0.09792203300538749,0.8047869563602114,0.154245987534523
-0.07285152747620027,0.7732606342554849,0.16450542211532593
-0.05230624944446155,0.7328668263479242,0.7481067180633545
-0.09587177219206827,0.4629264064807291,0.04881943762302399
-0.050282724096969766,0.8982164161670062,0.679827094078064
-0.07779722996959876,0.1463298437632295,0.5749275088310242
-0.08435694339374333,0.005944706813090528,0.05670548230409622
-0.11915719005589043,0.21771900410654535,0.17988955974578857
-0.1062314107876523,0.043193276792027835,0.1120818704366684
-0.040275314434840004,0.7984704803204501,0.3128371834754944
-0.07822124109459255,0.8680889314260635,0.2394465059041977
-0.10099019804752807,0.034006958920516625,0.07529497146606445
-0.03467454404368564,0.46313057460841606,0.5591850280761719
-0.10321269853207354,0.7954391445147472,0.6352652907371521
-0.11005041259253417,0.061590036856053576,0.1554538756608963
-0.010170870368246154,0.774593233584015,0.5189554691314697
-0.056044590066160305,0.2147891174947491,0.10292606800794601
-0.1130971003346905,0.02834494131707845,0.050023484975099564
-0.10814662233182976,0.7037632838581946,0.33737650513648987
-0.03737687951694685,0.8250725487742618,0.6315426230430603
-0.08582798376428113,0.344647488119502,0.14487533271312714
-0.0818545697959851,0.07087700868086803,0.029066039249300957
-0.0639209877587592,0.28896552918762153,0.0332384891808033
-0.10435930791031245,0.7247186801820081,0.16017583012580872
-0.09055943832299046,0.14228286041605667,0.06624612212181091
-0.10120785264079296,0.053015795018268225,0.05500906705856323
-0.093937465565474,0.500631858251487,0.11850693076848984
-0.10530915361454318,0.03835928713994169,0.2533368170261383
-0.07533992687346486,0.6710118594673266,0.0981580838561058
-0.10738881302518777,0.6739772004608554,0.12813903391361237
-0.04876412426857213,0.13100625249937417,0.027180373668670654
-0.10996110161036976,0.12137719593265035,0.4768292307853699
-0.08823638402585104,0.8654566175466061,0.26765820384025574
-0.09241293720440574,0.15583926916994417,0.03016488067805767
-0.07520659603393925,0.9343746959333857,0.148036926984787
-0.08547747473371664,0.929311337610456,0.24155722558498383
-0.08168086211696207,0.07904163388586641,0.45560112595558167
-0.0841513038206102,0.14150753062172947,0.047264378517866135
-0.0847985450280338,0.46151652316142605,0.15296833217144012
-0.05960206576090932,0.7774651799780078,0.47068142890930176
-0.10309709843442405,0.7328077153402918,0.3792390823364258
-0.09119137928735122,0.1811874211339859,0.14306670427322388
-0.033377047119838965,0.12449064635632157,0.08439380675554276
-0.0691872902182783,0.07028724025908271,0.04477166384458542
-0.06746672346303617,0.006542086051851812,0.09370934218168259
-0.08973669374791798,0.034863732997048646,0.09633120894432068
-0.06916543602177655,0.019490969432751606,0.2404734343290329
-0.07820128181097469,0.023925825698282426,0.014065134339034557
-0.0930642090399163,0.6341216299153641,0.20267629623413086
-0.048386857286409624,0.8525150110871692,0.1843683272600174
-0.1010361485086797,0.008622936830057434,0.10130591690540314
-0.05970250135921851,0.6465887544741517,0.20170247554779053
-0.08254978215146763,0.0008240877315004944,0.038359880447387695
-0.0765511390235451,0.9070353889672186,0.13661342859268188
-0.03019330639778106,0.0322313516784141,0.4434663653373718
-0.09838021901973748,0.0016084422135584865,0.06200086697936058
-0.09303328500330427,0.009781840603622242,0.06086350232362747
-0.03347155998314855,0.9259882452026453,0.16151662170886993
-0.08618739669955644,0.0026943935208526646,0.0160536989569664
-0.08581024780816715,0.011242798896419687,0.02051197923719883
-0.07182541698930933,0.0037139844848586676,0.11895854026079178
-0.08633236816628415,0.23324855693122715,0.0729459673166275
-0.0918231818798273,0.05519046982490753,0.03183818235993385
-0.09156349992025081,0.021649662494866214,0.058135077357292175
-0.09656738316163527,0.060274501076143294,0.06294465810060501
-0.08491330551306525,0.06370365307574587,0.061076000332832336
-0.06943831406969347,0.008194649004499913,0.06598912179470062
-0.0732782910678138,4.012505970899133e-09,0.01687145233154297
-0.09534806573171839,0.9896973849999171,0.21691636741161346
-0.07809687804488541,0.43463995175295456,0.10405925661325455
-0.09760945162182233,0.1107521962637957,0.15343470871448517
-0.08773982594194146,0.00011354769947217758,0.07206783443689346
-0.09680097668411342,0.04729974752911808,0.06255030632019043
-0.07594546609407682,0.35805753368415727,0.6249096989631653
-0.10058874755054242,0.0206229177118198,0.04042726755142212
-0.09472517567563016,0.3107745425342965,0.0627424344420433
-0.10672503280216789,0.19989928671470522,0.10538508743047714
-0.06530606465670674,0.9813473265410311,0.300861656665802
-0.06961829902079192,0.8048650015171295,0.07867282629013062
-0.07752205339889784,0.14416223761900462,0.1279183030128479
-0.11405901051003647,0.016726782405387105,0.0942414402961731
-0.09131108649955677,0.976594033741037,0.2417072057723999
-0.094022254836016,0.21927745355215367,0.1681043952703476
-0.07981980062420602,0.7258266257886231,0.11052019894123077
-0.08959990836219223,0.7652849153534004,0.056365326046943665
-0.0982583511192926,0.28446450667297835,0.13781580328941345
-0.10684027582121325,0.14300806330664068,0.1260739415884018
-0.09316601474703734,0.20972688176430201,0.23878122866153717
-0.07485290098778469,0.17349349028471117,0.09097811579704285
-0.07095539721432914,0.08558916531050867,0.06122991442680359
-0.10278552365648103,0.04126671096081189,0.021509777754545212
-0.07151078741098194,0.005448213618687418,0.009671828709542751
-0.08977062405979669,0.8156004823801963,0.1823754459619522
-0.09705820050360969,0.5207996334485381,0.1275702565908432
-0.10798685026950866,0.7139302645238812,0.11505897343158722
-0.10640871941376906,0.02151075118496525,0.02102593332529068
-0.08851895842010254,0.018712518607786405,0.31466424465179443
-0.11161642902799251,0.17582744080651963,0.23680779337882996
-0.10658158269618312,0.055022284845143064,0.04041281342506409
-0.10389944923154804,0.0035829265576855316,0.08946412056684494
-0.09905373302967785,0.0016128731551362453,0.15997129678726196
-0.03154900572736491,0.01744892331213277,0.10817499458789825
-0.03926204408762296,0.0015915520123075267,0.5972312092781067
-0.10242750396331435,0.0030520031740133716,0.3236549496650696
-0.09706698460792529,0.19423589924578602,0.05930066853761673
-0.09358458634048755,0.7482153139334012,0.1023714691400528
-0.09515576264298908,0.15798271604235212,0.1626962274312973
-0.08353959216123336,0.3229838223335651,0.09599865227937698
-0.1094922841135621,0.06347711735116335,0.028599200770258904
-0.1022054217605956,0.7611830370410396,0.09717543423175812
-0.10267944954972286,0.8319681976054442,0.3428007960319519
-0.08363939362805611,0.2913275764617251,0.09422370046377182
-0.09869392568046315,0.14736578143105902,0.02344086579978466
-0.11065961016009362,0.276932985821911,0.12492747604846954
-0.10707388292180242,0.2726376141818892,0.1530364453792572
-0.09001585293318315,0.09978052127861473,0.04346492514014244
-0.1187145867149027,0.017234880651729838,0.023350654169917107
-0.09085586691604391,0.9963854133743703,0.9027277231216431
-0.10635649588064039,0.6043759107745693,0.1580912172794342
-0.10802348645812665,0.9428249893763232,0.7521675229072571
-0.11665994486795456,0.01102836564414003,0.05208663269877434
-0.03380960230110186,0.008323097673832686,0.16963766515254974
-0.11460962390092055,0.16621322396426416,0.13238050043582916
-0.10620120622904977,0.9967758627333867,0.2552575170993805
-0.11829389388442285,0.7598897679614675,0.09575015306472778
-0.09892307000566408,0.9893453708050348,0.6347673535346985
-0.11265105738673237,0.9621146214680292,0.2481694519519806
-0.08209657829815326,0.799453798238937,0.15782207250595093
-0.1023254228047828,0.9572617555261175,0.48784705996513367
-0.07509661087050873,0.30217412742212296,0.07031137496232986
-0.053461644893789406,0.25217000205874457,0.14468832314014435
-0.06496498529692196,0.004871223765672982,0.10862176865339279
-0.08181919338938032,0.8343040574244902,0.18316887319087982
-0.08407707198010961,0.08987412051314245,0.09128953516483307
-0.10479019955265545,0.026973148483416275,0.04714586213231087
-0.09611581353188814,0.7392245684996036,0.05176027864217758
-0.10140892172454696,0.03772379549055239,0.07409284263849258
-0.07557550918165318,0.1002933449630977,0.1267595738172531
-0.09498398671441222,0.955219066730837,0.043237268924713135
-0.09501735361664976,0.20359374733912097,0.012031189166009426
-0.08476451416918179,0.2591049632808946,0.4924074411392212
-0.050720795397657614,0.5245376425416549,0.4395366907119751
-0.06159514280228767,0.2201680545866577,0.015469789505004883
-0.0939496218220795,0.022498407684224803,0.06679004430770874
-0.042133908449382806,0.9918143419955585,0.5947929620742798
-0.0959690412630873,0.8691585911802177,0.5576675534248352
-0.10278399723270237,0.23356158768468832,0.5003892779350281
-0.08563606353853298,0.4217894685580766,0.21598774194717407
-0.10616508632986227,0.441857938107123,0.3846060037612915
-0.09701868921579349,0.3531919447194939,0.3255966007709503
-0.10722611696858114,0.662990122865074,0.2230602651834488
-0.08741685089536844,0.6860592045735248,0.23927226662635803
-0.09637573045898612,0.5249839848600849,0.10525469481945038
-0.047222676308180445,0.025494223680706286,0.087940514087677
-0.03901127041813357,0.6239597621131806,0.046664949506521225
-0.10904825400622492,0.8010063714380171,0.08437126129865646
-0.09625198326979706,0.528821683670632,0.013742469251155853
-0.08122072424831212,0.510902067061458,0.11704840511083603
-0.11058790225537929,0.6756645104857787,0.0803963840007782
-0.09625726212608554,0.0039031425436526455,0.004105113446712494
-0.09419595671218689,0.9751365812327928,0.16836844384670258
-0.11972549388542708,0.3761850422898244,0.19816361367702484
-0.10676590136040814,0.0889907942411568,0.020207205787301064
-0.1040057665618675,0.07146334313575099,0.09265673160552979
-0.09951117357479056,0.7555944992768852,0.022566424682736397
-0.09807509564352718,0.835838135175728,0.6134408116340637
-0.09275028729583723,0.4650011856147537,0.05503781884908676
-0.10856832217446255,0.9149491812573428,0.4062023460865021
-0.09069431127321642,0.1679231503400459,0.09402522444725037
-0.11161225942695213,0.3503747021993411,0.02380984090268612
-0.10189499183069478,0.8288043492481832,0.7682194113731384
-0.0979618117921226,0.60404260257086,0.0996028333902359
-0.11279710175737884,0.8553602132540996,0.14883020520210266
-0.10434917787855014,0.4352732642228286,0.4148867130279541
-0.10181298854835702,0.9799459788397217,0.4478919506072998
-0.09778462271016924,0.7190955929705479,0.1282806396484375
-0.10579816265248443,0.2898141617260345,0.10821674764156342
-0.08719311954430048,0.4705802517967503,0.12684808671474457
-0.11707226354030936,0.1814533823471215,0.05397611856460571
-0.10510961252443574,0.4411539584319599,0.12164931744337082
-0.1198842361850066,0.20828388329778588,0.03598431497812271
-0.10234690986747425,0.5150912236056586,0.5848387479782104
-0.12347619102467261,0.14641413863148434,0.06639885902404785
-0.11636050649242458,0.844779576988672,0.4781486988067627
-0.125198994542991,0.10755179027889517,0.11579760164022446
-0.08525047103127364,0.04654208332215214,0.349473237991333
-0.10949960980191398,0.47636643219385844,0.21397195756435394
-0.10987957624888472,0.5762494919449043,0.12619119882583618
-0.12507543481116812,0.27177632782495453,0.15042299032211304
-0.11250970528084314,0.02045494801671665,0.030953388661146164
-0.09392514092749837,0.00501340773009255,0.06698431074619293
-0.10158799032327948,0.09907056552060747,0.08269904553890228
-0.1073357052971976,0.14484370423866277,0.1525207757949829
-0.11341063026237624,0.04042198083123279,0.27769824862480164
-0.10441433262616384,0.8346356563395688,0.4906359016895294
-0.10933975209194324,0.5540617787055787,0.28562289476394653
-0.10546633097292857,0.05755319981145009,0.31930702924728394
-0.1118123372855861,0.2276881050889033,0.07207544147968292
-0.09180897574048813,0.5080688961134538,0.18701171875
-0.09966569971529804,0.5468877156559209,0.7055209875106812
-0.11385732972688711,0.04629530199641871,0.44835272431373596
-0.0974302232023801,0.0630973429197599,0.6771251559257507
-0.09033399104175927,0.8819917289315358,0.10587317496538162
-0.10467535243926851,0.28424149704694035,0.06979791074991226
-0.0832945415965618,0.01765009140292119,0.322032630443573
-0.09902629875610897,0.8031045026466529,0.13397668302059174
-0.07191817679138407,0.05004214426781841,0.24875476956367493
-0.08080217924168309,0.0030475878421974663,0.08979138731956482
-0.10937036678700263,0.3801752866925363,0.10445749759674072
-0.09443058225907747,0.11694241189648222,0.09216722846031189
-0.12473543224468497,0.0013277220432720447,0.0409124419093132
-0.10725280601088888,0.024295296972211274,0.13809415698051453
-0.09773761246044643,0.10015399572776776,0.24347715079784393
-0.08135234474337211,0.08504377160006243,0.06935132294893265
-0.1027924665986793,0.23639357160583313,0.17849202454090118
-0.10389240153710311,0.1641341877640024,0.09754769504070282
-0.0963500458626651,0.00015470318680202685,0.114479660987854
-0.11758704369500633,0.29042608230153294,0.04028114676475525
-0.1208096480313049,0.2804683124955944,0.1078343316912651
-0.10568666935067855,0.08621445637152544,0.3645462095737457
-0.10418109622212995,0.7643842882551515,0.44789281487464905
-0.08039898206488477,0.030484246247054696,0.06841830164194107
-0.11112049698016074,0.13330582700100124,0.026779575273394585
-0.11427127491690897,0.15903047075013474,0.12861144542694092
-0.11391792401333756,0.06080644815693984,0.050098929554224014
-0.10643293590480563,0.3544001025179535,0.5126505494117737
-0.09984065872287357,0.3879073508137173,0.07800856232643127
-0.09884828596642259,0.7549510499647621,0.22793608903884888
-0.1200091849282664,0.44105170170923497,0.27245864272117615
-0.08784459636056074,0.023083668995624872,0.0499580018222332
-0.10100822185619829,0.011050961564958467,0.38199350237846375
-0.07693833955775742,0.10480283161405456,0.022106532007455826
-0.12176306080624971,0.019039340168684863,0.2038552165031433
-0.015563751361515665,0.9873615759830923,0.4333244264125824
-0.11400100798127227,0.11432361588525013,0.2946677505970001
-0.11859868783582067,0.413899049398163,0.5974985361099243
-0.10145910868422847,0.19945588689024676,0.1560669094324112
-0.10443933506945224,0.48436665282750513,0.41512417793273926
-0.09308477635653528,0.05913328932504071,0.27907928824424744
-0.09320848606218346,0.00846255802395809,0.3296751081943512
-0.10002031450511917,0.9046890346170059,0.0877435952425003
-0.1075488201377286,0.0020052164131130986,0.3092065155506134
-0.10704475096473393,0.02044093949332877,0.06748401373624802
-0.0987895304065089,0.006675749401375341,0.027638034895062447
-0.08273103814889182,0.00039646631520330193,0.03274261951446533
-0.08348602315105391,0.030260084803617384,0.03707905113697052
-0.09699051030276035,0.011935674347461669,0.09407006204128265
-0.10321083618526988,0.3749871786218468,0.4841040372848511
-0.10280132507561712,0.42559805322303296,0.1758432239294052
-0.09667670628712433,0.2065688364502141,0.1119854524731636
-0.09722043703111588,0.0003873217994638807,0.0324871689081192
-0.11080700627961287,0.3182110832266369,0.2261819690465927
-0.12125345955899763,0.3768847772137771,0.23603427410125732
-0.0608131080406053,0.3559302264752237,0.07052712887525558
-0.09953878920677667,0.004357935532187021,0.02592846378684044
-0.1016400019219949,0.1517899010086179,0.05915484204888344
-0.08727371066205919,0.0221189638593661,0.07751870900392532
-0.09325103113525285,0.022721584602968345,0.01529022864997387
-0.0787310250334543,0.98996555135501,0.5568314790725708
-0.10450523689861557,0.7463013670955709,0.26990634202957153
-0.10117598656059301,0.938740682544371,0.26575660705566406
-0.11027006092360025,0.2842159238625355,0.6049534678459167
-0.09848807218412303,0.13413470601325822,0.2595885992050171
-0.09528397924468607,0.007396724344284487,0.04735323414206505
-0.12138980530154053,0.5285189874367352,0.4285847246646881
-0.10809425147551271,0.03758904301371162,0.0109851760789752
-0.0866825659873604,0.031437062259337394,0.0323607474565506
-0.09274589298427899,0.006820594900608945,0.024518953636288643
-0.09814950521087418,0.0012365587934982387,0.06823896616697311
-0.08514077136149695,0.010422774605215356,0.08835175633430481
-0.10056253339528415,0.4780491683864134,0.10925926268100739
-0.08103281272507001,0.0031261658924926473,0.018520362675189972
-0.1019669300726464,0.48641375915032176,0.1322324424982071
-0.10528036280649278,0.06566023001564915,0.050345130264759064
-0.0922304865078532,0.030249241891229857,0.19501012563705444
-0.10638311734682337,0.1883455079881386,0.05495011433959007
-0.07089853029789589,0.00719925594982282,0.08654193580150604
-0.11539691763208604,0.034187359516723866,0.02645961381494999
-0.10528708763756034,0.03208156826731986,0.31702110171318054
-0.09357942139542008,0.04336266245663848,0.09532047063112259
-0.08717361595559647,0.014843946898292696,0.07922729849815369
-0.11063070335121811,0.4134460926885514,0.2828548848628998
-0.10312410420462786,0.584156613087916,0.21108947694301605
-0.10451954245536216,0.7479118292348037,0.48139581084251404
-0.11438663331270926,0.10131558873749881,0.044522423297166824
-0.10305087633728255,0.02160437428032735,0.14917567372322083
-0.10465852680934556,0.12219319901384648,0.023728206753730774
-0.10429258765969657,0.13413728208943587,0.013241344131529331
-0.1095939035853124,0.012427633298106724,0.47947385907173157
-0.11731510087048624,0.8859576518158842,0.07144053280353546
-0.08602688550888316,0.023061517528962253,0.028075210750102997
-0.10728670721742462,0.04097387304493612,0.05983121320605278
-0.08685771064153486,0.043909859319103295,0.18676041066646576
-0.07650742489736961,0.11109802121564682,0.014492562972009182
-0.1129836384573355,0.4849452896068958,0.22338078916072845
-0.08879728970810569,0.0010120678215286283,0.005167728755623102
-0.10484433619606642,0.15431080331452648,0.041015978902578354
-0.10857725148471553,0.38076909486137356,0.03566090017557144
-0.10704375486383749,0.015713093529919196,0.01619027368724346
-0.11161512046780886,0.06271648090869854,0.00704424362629652
-0.11237541057378575,0.16223192631700273,0.03975290805101395
-0.12021016124079176,0.03687146408044042,0.053433019667863846
-0.10056357357306384,0.002580044752341108,0.06612929701805115
-0.09719521155626909,0.9710822088546073,0.08424727618694305
-0.11484489730452663,0.026164997870419576,0.17907389998435974
-0.0794733706657671,0.15201484012358513,0.44645699858665466
-0.08307976752026475,0.000811018253811416,0.026030704379081726
-0.07893934527444346,0.012936354882678998,0.12814588844776154
-0.10402480279902099,0.4002690261200701,0.24133417010307312
-0.09844984867514395,0.33200270719655256,0.5338457226753235
-0.10157968880873514,0.052175883623857465,0.022367509081959724
-0.09326772704851166,0.1283703582494118,0.032087814062833786
-0.10925624052634342,0.5071703575795159,0.26014652848243713
-0.10210395481203965,0.1649947317207125,0.025708641856908798
-0.09942003962194662,0.8943684635293948,0.033518508076667786
-0.11630049757227712,0.944474760060324,0.09077555686235428
-0.10335920185761871,0.004704415735944275,0.0327083095908165
-0.11933987795241796,0.11549105638801631,0.04728153720498085
-0.09016899334536022,0.9125653047889629,0.05652759224176407
-0.09431041321397815,0.02627868489938736,0.01738632470369339
-0.07474765301876013,0.002276104229021902,0.13997480273246765
-0.10764954181576203,0.019306137541052586,0.19533416628837585
-0.10689966796304834,0.9482054172870953,0.34457656741142273
-0.11460559877732374,0.00573160756290913,0.02624715119600296
-0.09207487891312788,0.2916628790250713,0.05224822089076042
-0.06153391434113503,0.15247734019484793,0.057974040508270264
-0.09553582357196683,0.0629619491324545,0.15689246356487274
-0.10275772799020755,0.2046840866357613,0.021869206801056862
-0.11384555204397762,0.20666481721729332,0.01172585878521204
-0.08131193160932176,0.2152917803952218,0.11487351357936859
-0.10770480668433996,0.15117073246842946,0.09403648227453232
-0.11427109638443667,0.3110322270231522,0.08289500325918198
-0.1002741940084147,0.12887835053618632,0.0669664591550827
-0.07220671550289914,0.11148849546890226,0.03516880050301552
-0.11884910920897185,0.009861602968381792,0.0219662357121706
-0.10296104465330069,0.09328273545296649,0.2646278142929077
-0.07757348637157663,0.001385912151491542,0.02155439741909504
-0.11416951396083302,0.8347393991949267,0.6918474435806274
-0.08888391472067309,0.9665222861664068,0.5389853119850159
-0.10110361594463274,0.6308978315408745,0.12024838477373123
-0.11649857503538197,0.007805891892760852,0.03138665482401848
-0.09090393957166931,0.0041243560631144425,0.0059854681603610516
-0.08726641628291715,0.05421269908636623,0.09019307047128677
-0.06898375225309777,0.22158456536749746,0.01582500711083412
-0.07476900807063802,0.0036831179473811853,0.06961578875780106
-0.09278811459850594,0.4587425463733138,0.06841502338647842
-0.12005171940182313,0.029832912633945406,0.015749618411064148
-0.11063816971368523,0.08404894788272468,0.07631152868270874
-0.10120471728505359,0.04013237778154547,0.009381881915032864
-0.10066157546860838,0.10646931724700252,0.1999623030424118
-0.10542741520709165,0.3800763668812228,0.032749250531196594
-0.09852764674636055,0.6869978565372146,0.23332929611206055
-0.10496479235445727,0.02716887831549962,0.026178892701864243
-0.09226467778787767,0.3055552489981635,0.3184102177619934
-0.08495190675523773,0.09136907018647143,0.05571724846959114
-0.10873721492394772,0.07849398180518265,0.03234124928712845
-0.11147386852537378,0.03572502601808276,0.013537744991481304
-0.08454295840544018,0.00012186265404203455,0.023650672286748886
-0.11562229523740647,0.27397730342293375,0.06786468625068665
-0.11002609614998077,0.11833649827612996,0.03842366486787796
-0.11838553052667317,0.9286566003118796,0.19553159177303314
-0.09312471086916224,0.005809758430084253,0.026307716965675354
-0.0908316309345365,0.11879792728442896,0.018802547827363014
-0.09654760764343279,0.46713499226145155,0.031042685732245445
-0.10755107144117954,0.02825679675073025,0.3972999155521393
-0.105089908128429,0.011457076231752353,0.009932572953402996
-0.09929730651105384,0.3168572918623181,0.12365853041410446
-0.11240453114465482,0.0055527048040287874,0.011778635904192924
-0.08664555500190463,0.09717960546217284,0.12329202890396118
-0.11229006112156181,0.02986470679397903,0.06462300568819046
-0.11179684310529758,0.14050180791280642,0.24607470631599426
-0.10164934793764319,0.007839227160079983,0.011036795563995838
-0.09174041858785859,0.0012080774779068702,0.011697005480527878
-0.10155525454805642,0.31310971793243475,0.05252901092171669
-0.10424447156127109,0.022240986769967212,0.013647268526256084
-0.1119850169528806,0.37367045037047547,0.29174450039863586
-0.09785140495906314,0.04796547642048884,0.03453254699707031
-0.09703534560262916,0.015408154225244145,0.11848422139883041
-0.10506605498006993,0.7313022249155723,0.028168078511953354
-0.07808541722169615,0.1516538163008969,0.056377410888671875
-0.09777196261482701,0.007367600885566303,0.0736120343208313
-0.08816320316602583,0.015469006038761647,0.2238810807466507
-0.11094707405313908,0.42515239140595457,0.11921577900648117
-0.09510170365531523,0.07961030370299263,0.003729855874553323
-0.09189798585769693,0.003893348149577905,0.010386667214334011
-0.09812528649581836,0.09540861697950405,0.1159157007932663
-0.11449569286537997,0.23228677610363235,0.04053935781121254
-0.08028338381645639,0.008008493689964554,0.024336500093340874
-0.12989188441781863,0.25696547156790916,0.020442109555006027
-0.09970876865557132,0.7695217367164048,0.3895128667354584
-0.08011590658172163,0.005191182766911552,0.08247968554496765
-0.09407228959261166,0.2104343987034914,0.07769137620925903
-0.12218435542746858,0.49764493340762317,0.2952941060066223
-0.12288958099992131,0.29525951802454103,0.1698996126651764
-0.08793885415513886,0.4334111474958138,0.3314990699291229
-0.09976958681283576,0.007785922785521212,0.1096072867512703
-0.10367354452097216,0.047920817090586126,0.022495664656162262
-0.08338155980206508,0.05729634045890892,0.019093232229351997
-0.0716747449110729,0.014282914929579482,0.007093744818121195
-0.10846961503914887,0.002733104812936574,0.042815424501895905
-0.10528069121439848,0.0011279588106942848,0.018879439681768417
-0.09154891439865576,0.005736640177942046,0.00857744924724102
-0.0941536834763761,0.07646470078360904,0.0498618520796299
-0.07868918802932162,0.19040153501823393,0.035638477653265
-0.10164622488404562,0.3968210857208425,0.12902748584747314
-0.10922200534160792,0.43040299907442714,0.31484371423721313
-0.10012496121613884,0.2963305478404866,0.2488662153482437
-0.10598076355893787,0.1397833099354968,0.18216396868228912
-0.08665615646745967,0.055525024180679,0.03244880586862564
-0.11061808547150304,0.28436270350570375,0.03628528118133545
-0.1111888062863734,0.03702948502137634,0.03298521041870117
-0.10440440898346576,0.6291639142053698,0.08574721217155457
-0.10482161263957668,0.005668871251126674,0.03484494984149933
-0.08696975567374388,0.01455578561705699,0.0148860989138484
-0.09932936748912802,0.022802228580191583,0.012065772898495197
-0.012204424236107458,0.9993386559414359,0.18189017474651337
-0.10605295496011169,0.04412618137574559,0.05493517220020294
-0.11923120613585453,0.35796765905994316,0.03367140516638756
-0.09203190734946781,0.17407527930988836,0.059963103383779526
-0.09418569126725962,0.0005042307302307221,0.014822169207036495
-0.10950961433101125,0.006654997995329478,0.02794915996491909
-0.10710281935285582,0.010319671477676533,0.12422973662614822
-0.09496175479747898,0.11496679209115869,0.03136931359767914
-0.10485564288452698,0.366335549021611,0.03215379640460014
-0.045015041971841085,1.3399869347640952e-05,0.04202515631914139
-0.10683852641744779,0.221553126632979,0.052031509578228
-0.11313789598214058,0.0014413403311984085,0.0032474296167492867
-0.10688771518660062,0.03776794577541486,0.006126577965915203
-0.08657406912876259,0.6029855698095983,0.09928224980831146
-0.10916935112807769,0.3002845355118201,0.07452158629894257
-0.11356027038746724,0.003253206089830832,0.006827617529779673
-0.09414507748145018,0.004633557872359634,0.0028034665156155825
-0.10591240988851391,0.05141804525837016,0.009801940992474556
-0.1050702890202932,0.004542525476987107,0.19316226243972778
-0.09734355517209131,0.04747647728531018,0.005295267794281244
-0.10164769877031082,0.015074439895438514,0.006246623583137989
-0.08682442543960212,0.9301081691484769,0.04520484805107117
-0.0945657222552434,0.0097816839569939,0.023910699412226677
-0.09236847767639161,0.004225123964539272,0.010071951895952225
-0.08993683612668457,0.002086459368349436,0.09463144093751907
-0.10866693220321799,0.000593300814361848,0.009299603290855885
-0.09832201503948174,0.038341817769642704,0.07342158257961273
-0.09580511678739084,0.0009190602445907888,0.036817263811826706
-0.10602954903375367,0.0004314501487890311,0.03105161339044571
-0.11445921263133202,0.42149284075679283,0.16454242169857025
-0.09403010302829246,0.22442621792966305,0.020648032426834106
-0.10387830582474311,0.041388157705881015,0.01369866169989109
-0.09697860359523652,0.05041090945565604,0.034009505063295364
-0.08823184919137794,0.0004560966764905862,0.051833376288414
-0.09918979850625892,0.0018738352385400622,0.007040741853415966
-0.08497577891086183,0.000172689069217366,0.030808983370661736
-0.11181892947634198,0.15281170585366963,0.13199983537197113
-0.09620293989002293,0.12314099424512921,0.09013932943344116
-0.1115571410987003,0.17617866477212468,0.04328923672437668
-0.11584652188244965,0.02743242552548052,0.05224406346678734
-0.058774722442473504,0.016530968477779833,0.02043195627629757
-0.1063234793280729,0.3471420683683363,0.15643945336341858
-0.10646753510858259,0.6848733184630352,0.4161430299282074
-0.1050809424173399,0.01172975143078777,0.09507308155298233
-0.09593284450343836,0.03381939073504968,0.03082357533276081
-0.10019369794930566,0.13202855480945583,0.11505839973688126
-0.10296504201721024,0.0030562296040361086,0.002973980503156781
-0.08121381459161414,0.0011589038705894163,0.03548286110162735
-0.10117600738760185,0.11391273727950096,0.07168707996606827
-0.0828377324192281,0.4278510118406136,0.5984768867492676
-0.11222003569089795,0.07039745787220705,0.0898437574505806
-0.10071836498711301,0.34180102118017786,0.032412804663181305
-0.0662370935958006,0.006305972764652379,0.009402195923030376
-0.05651048235969741,0.0009117718768620777,0.03290023282170296
-0.11038461914819958,0.27175007478626756,0.06745395064353943
-0.11836281713085123,0.00381422826302329,0.022449994459748268
-0.10502522491700211,0.08933849262226225,0.02741105668246746
-0.0906692391357869,0.14466492080915822,0.04629841819405556
-0.09417965611017415,0.08143181722803011,0.12256982177495956
-0.11508142013518569,0.018132998205320206,0.05937257781624794
-0.11550105890369916,0.40804936037899997,0.07758476585149765
-0.0859212271942092,0.42060067417252606,0.25579819083213806
-0.10528070349579799,0.3340482968627679,0.017570223659276962
-0.10394259433208286,0.030024365428254287,0.0164008941501379
-0.10330961013459561,0.22240131464158996,0.17059102654457092
-0.10276631875044351,0.014961007656545327,0.06987786293029785
-0.07063766074995964,0.07413258956761594,0.048978500068187714
-0.09227750843282895,0.012787651602360237,0.07645384967327118
-0.10823433615348793,0.003022875619750318,0.03223203122615814
-0.07743844624134327,0.10626545013776871,0.03238919377326965
-0.08879327144792337,0.16772981468428685,0.050985317677259445
-0.07039426052844378,0.16394445266349872,0.010287844575941563
-0.09681249373380724,0.9946698247738452,0.05474405363202095
-0.09667096137402426,0.41267725282410656,0.016637252643704414
-0.10944897093306083,0.06303480828519817,0.07586044818162918
-0.11420711821230006,0.9511967172312403,0.039600249379873276
-0.09019127974578606,0.02231401567228394,0.010614595375955105
-0.11530536285714477,0.48612833235868486,0.428421288728714
-0.11765661278367051,0.6569268789536299,0.16119961440563202
-0.091279772164445,0.2585573677654604,0.005878738593310118
-0.08080573525941526,0.02144405521814455,0.06395983695983887
-0.08414417521930162,0.09087350081582349,0.15168415009975433
-0.07919222774080048,1.0,0.005567065440118313
-0.0950094474947712,0.31524846341565066,0.05698653310537338
-0.10070563214499262,0.09320933918497995,0.1297973245382309
-0.11108989128366537,0.6950791823644312,0.23476694524288177
-0.08655472581425427,8.589090876821933e-05,0.03203558176755905
-0.09439863861323061,0.00897213061468846,0.018229153007268906
-0.09018542022868203,0.002952474650370207,0.010660996660590172
-0.10735706719481508,0.052692021364711024,0.03698360174894333
-0.09980626331648768,0.22272260268507046,0.06761109083890915
-0.08670697632526869,0.007992893049837945,0.018971960991621017
-0.12374926178529028,0.06900253063929733,0.046957727521657944
-0.08779906774329438,0.3921087964895112,0.09112618863582611
-0.1135180783412007,0.04007078750235697,0.01792551949620247
-0.10609980752980369,0.010349747936327494,0.022581659257411957
-0.12338911646394668,0.22281946477439987,0.007921844720840454
-0.1088477041333002,0.23444671113475576,0.061621565371751785
-0.07775451687520668,0.6335664166372438,0.03705361485481262
-0.10806482675099405,0.03513683461031941,0.01725737564265728
-0.07925781477787247,0.08801751383314083,0.07251997292041779
-0.09937831428298316,0.014132286543903505,0.016957173123955727
-0.10344693178721515,0.0163721378686643,0.006522336043417454
-0.1025550579011148,0.2387902814580259,0.22101792693138123
-0.09149727132595159,0.02946078004564595,0.032373350113630295
-0.0939380461904834,0.004666613111173167,0.008013054728507996
-0.09279977708220583,0.0230446474432233,0.1767636239528656
-0.10871498337338736,0.007806669244853056,0.036566998809576035
-0.09146426591170492,0.8228996816757773,0.044343046844005585
-0.10223702904106219,0.03179126571606261,0.009558356367051601
-0.11309893977315355,0.48574984565322393,0.32291123270988464
-0.08815094470974988,0.0009151289022637928,0.004228098783642054
-0.10780773123293619,0.27263042119063635,0.02812773361802101
-0.09394231972695516,0.04280647834825929,0.014306874014437199
-0.08306170705715882,0.03164041336454626,0.041911303997039795
-0.1125147570899348,0.7362834772292456,0.11746669560670853
-0.10190365664764156,0.04295736313440594,0.012593436986207962
-0.09719782369630775,0.02116302248035118,0.03224124759435654
-0.11669372618928137,0.0058028556466013246,0.03401607647538185
-0.07208783324650919,0.9732207746548456,0.029163146391510963
-0.08545962698025683,0.009232373617262798,0.014316849410533905
-0.09903554165068523,0.12564263804421283,0.01604491099715233
-0.09907023117094699,0.06190208637515134,0.06554101407527924
-0.11416899705629402,0.13336287214952602,0.03126181289553642
-0.10455879726847239,0.20562895234195433,0.017518550157546997
-0.10201837172995804,0.0050194274018469775,0.058440499007701874
-0.11806450198269414,0.055495886245312064,0.38076964020729065
-0.09251972950089188,0.011471710048434062,0.04019754007458687
-0.08505753380092096,0.0012308735569685283,0.07916966080665588
-0.10830359059779737,0.27510236651231423,0.018936922773718834
-0.10504760155706538,0.7510731276237974,0.04511997848749161
-0.09409943135176368,0.023376908366907825,0.041114166378974915
-0.11081714112961316,0.33548775749229043,0.02106076292693615
-0.11054820819601202,0.5193020552455988,0.2188917100429535
-0.0835003678447152,0.033746902821977884,0.026454277336597443
-0.09553354644853063,0.798813275873468,0.054474685341119766
-0.06513280954415313,0.0006674270523098099,0.02016293816268444
-0.09845502408988288,0.07038972087612488,0.016815200448036194
-0.08608459125782703,0.007035865672339272,0.034139446914196014
-0.10077088892238456,0.07049595047958555,0.23454125225543976
-0.08917195667959771,0.8606982947582886,0.19273844361305237
-0.11335218078075981,0.02702547782381232,0.12822629511356354
-0.0975155079428921,0.5634067685591924,0.02678118646144867
-0.0973500607643506,0.013079100131802813,0.019976940006017685
-0.11126651175896352,0.6675530403587038,0.16188162565231323
-0.11173185886001108,0.9883003151936077,0.6536564826965332
-0.09687581418650981,0.03881262724187788,0.07531798630952835
-0.09871709636351572,0.0008162133002247438,0.020664498209953308
-0.0921731753169569,0.020586544731192195,0.04816967621445656
-0.1101579480875533,0.023292411301333606,0.011914477683603764
-0.08000948100588917,0.42763543645595004,0.0465836264193058
-0.11781782833601956,0.053184910438385836,0.007577040698379278
-0.09031750439082126,0.3954461998523672,0.06574415415525436
-0.10873514005450735,0.013404244004275562,0.010484929196536541
-0.08883846850912064,0.0019187808354934604,0.011767147108912468
-0.09587479036706736,0.10265492973758075,0.01721906289458275
-0.11285919205026967,0.004922346784176755,0.024848105385899544
-0.1050427386527592,0.006416213302127961,0.00936107151210308
-0.10924171709918917,0.008917001789275718,0.00532058160752058
-0.09769019375680094,0.013098663927055054,0.0306924469769001
-0.10946995959444428,0.005811052004195884,0.022473352029919624
-0.06502125132203895,0.9875941061082926,0.10138781368732452
-0.09611589761080025,0.015345057552700936,0.20503093302249908
-0.0983897461065798,0.0008508237172322707,0.03671876713633537
-0.08386871854703909,0.01619843092489622,0.005635222420096397
-0.07522749111698507,0.0002083784934313501,0.006284590810537338
-0.09992806921025871,0.0007200070785823314,0.010080546140670776
-0.10420672011823051,0.00018247933932085455,0.061800338327884674
-0.10808868032557617,0.28700259732602884,0.026714853942394257
-0.08273760582454215,0.061793083261051984,0.016138700768351555
-0.10440784740333975,0.00010111831039043376,0.03131575882434845
-0.09677455972426419,0.0915547859619794,0.021741848438978195
-0.10896075613418632,0.24422386924752618,0.04948000609874725
-0.0931058100166599,0.018872224057861937,0.01039824541658163
-0.10038259187677612,0.0012087888976570545,0.006548477802425623
-0.1076617470360759,0.3118314231662932,0.03367551043629646
-0.09571988434042211,0.05904376482856607,0.04194130003452301
-0.00214523644876774,0.9547742206426023,0.2120409458875656
-0.09017528445441675,0.10085444325347827,0.0786094218492508
-0.11395490904588101,0.17273932552602547,0.031152494251728058
-0.08806796916940607,0.00020416384872374847,0.0033895608503371477
-0.08656248763534746,0.41599257860361355,0.014970117248594761
-0.10720274118272699,0.22325162349436342,0.06731726974248886
-0.1080339403113798,0.04950740014879641,0.04020635411143303
-0.09577194919459608,0.743799394535525,0.0733548253774643
-0.10777347905107271,0.02713259254400408,0.04649708420038223
-0.0834549503589217,0.08979385493015517,0.11321668326854706
-0.10714607223848077,0.006005231203513898,0.15015316009521484
-0.101213185371197,0.6793216083879045,0.034570131450891495
-0.09758420957253788,0.030957589677190624,0.027312880381941795
-0.10580089521512615,0.09971025981218713,0.13209553062915802
-0.09725133258809798,0.7647231840004208,0.1291940063238144
-0.11493397739223732,0.017405839434059506,0.053445372730493546
-0.11380685788963785,0.03615681187420132,0.09710460901260376
-0.12163556885891325,0.04124659978593632,0.029162991791963577
-0.10594345180028969,0.014389650372978229,0.1284674108028412
-0.07691750708911582,0.006388916120106999,0.03605091944336891
-0.10411299993810585,0.0026008636646203086,0.010927082970738411
-0.10601021188877369,0.0048237417487767015,0.02358311042189598
-0.118809141902466,0.07148202501481257,0.11863657087087631
-0.10634702791579387,0.2327477062164043,0.014783164486289024
-0.10333858538052115,0.19444432210843485,0.05448524281382561
-0.10587867865561673,0.0015735318241337816,0.05222029611468315
-0.11019412553273533,0.16049637859609864,0.010279923677444458
-0.11312747906003823,0.579278885099904,0.021744048222899437
-0.10592584923614962,0.010465178751802291,0.15185122191905975
-0.10776050886136196,0.0021248810646579603,0.007667365483939648
-0.10326106099264987,0.12552747996298572,0.02744797244668007
-0.1088771508426129,0.01943430264208609,0.01227471511811018
-0.09288806467995003,0.0019153435805347844,0.005500669591128826
-0.06576886483648625,0.4372243403478055,0.030536944046616554
-0.11222452725807924,0.5984188967532232,0.07464197278022766
-0.11752965886402605,0.0020838041341485246,0.04431840777397156
-0.10082001400648,0.0004457305178270054,0.04119069501757622
-0.11697183229003844,0.005797572873071405,0.03378157690167427
-0.08645624937341378,3.474651302322408e-05,0.017665080726146698
-0.09333909556078646,0.7539094040799388,0.009559769183397293
-0.11165437003738354,0.020844385414219624,0.04825761914253235
-0.09096531568366328,0.15912235241079414,0.019024763256311417
-0.09540591840312246,0.07077417656614587,0.057922326028347015
-0.12250136847973497,0.019329490866321113,0.06970126181840897
-0.10659283915400863,0.09408841774976776,0.047710202634334564
-0.10240409434708742,0.012589888928218503,0.23150792717933655
-0.0958978995523373,0.008854544693742424,0.035833582282066345
-0.11424805483497807,0.22740170647905744,0.06990155577659607
-0.1041531800364181,0.07599050768568774,0.07007292658090591
-0.09082033979534154,0.013921441560620234,0.03162669390439987
-0.11681220447782753,0.10029153895274288,0.011573860421776772
-0.10941479904012258,0.00290022632656954,0.02363603003323078
-0.10563982916329595,0.20908722341509936,0.0959685891866684
-0.11685411605441409,0.20076653608716613,0.012136326171457767
-0.11217062411758771,0.16496755573328542,0.024957578629255295
-0.09097277725608999,0.9933404703283663,0.28200027346611023
-0.10431953857021059,0.5157152526076872,0.05612083896994591
-0.09980786926339558,0.04067040866518239,0.04840522259473801
-0.10566152956978087,0.07127904410875747,0.014324636198580265
-0.11471493338964966,0.0235209011332688,0.010621022433042526
-0.11032020978350282,0.003680470774679931,0.010534586384892464
-0.08910113845896056,0.06979930083105591,0.16077670454978943
-0.09541132446981432,0.008023928621480266,0.010528783313930035
-0.10920759465904362,0.00010309248333841798,0.008953266777098179
-0.08793662726273149,0.03471781848682777,0.04260819032788277
-0.09982595245686166,0.03833075339552961,0.017483646050095558
-0.11434952369733697,0.20381843390666374,0.061549704521894455
-0.1072985865289055,0.007396767688889433,0.002830387558788061
-0.09339601789646362,0.004078270414947644,0.03400269150733948
-0.08866068771502256,0.001155989347707788,0.01616731472313404
-0.09398888415554557,0.3654907818652476,0.05178626626729965
-0.08541414098697098,0.11789860169505335,0.02505476213991642
-0.0901984481008466,0.0027396722240118744,0.021622544154524803
-0.11620876153041676,0.13339192328064176,0.10918069630861282
-0.11663069693292671,0.06443021483950338,0.02031264454126358
-0.059612237799780476,0.130127176780908,0.061352409422397614
-0.11720455708673755,0.10200391961750194,0.01301874965429306
-0.1176177042515601,0.1505083145203622,0.026413198560476303
-0.11329117156977925,0.006367076093493955,0.023884154856204987
-0.08417392585347178,0.015614391805472534,0.011050737462937832
-0.11427186200514827,0.6944589244251156,0.03822953999042511
-0.09069023681434513,0.004296794744342828,0.00861743837594986
-0.08023024183858335,0.040603000354621034,0.012827209196984768
-0.11845789109030241,0.02877389635574955,0.08563414961099625
-0.12423994561516111,0.024162934478549766,0.030537893995642662
-0.1083455355324156,0.017947520715326674,0.011839490383863449
-0.09175970294495972,0.23219879079801398,0.00894847884774208
-0.11242901098554048,6.303161758212487e-06,0.021877577528357506
-0.10647668109456565,0.0030352171726077616,0.004086778964847326
-0.10773808321359268,0.14294057244741312,0.01049057673662901
-0.11158604311398945,0.015537139961495833,0.012308244593441486
-0.10096803488866202,0.09258617302291856,0.05796501412987709
-0.11073229260275763,0.10635946479021581,0.008081951178610325
-0.11435584233939494,0.008730766272627585,0.027543142437934875
-0.09745724271264217,0.00015480385383366237,0.044901952147483826
-0.10982366160306689,0.013319335717238845,0.01709315925836563
-0.10914963548080331,4.909906325054583e-05,0.0013662317069247365
-0.1102347467499063,0.002708944389345161,0.005694197025150061
-0.09646237166599742,0.04311132023454798,0.005167052149772644
-0.11290500792659114,0.041412491841368984,0.012229927815496922
-0.09634033054852781,1.6569171741348776e-05,0.007862020283937454
-0.10625531610017064,0.027791948668685854,0.05659428611397743
-0.10300508367091954,0.24056061153976266,0.09113305062055588
-0.10198625262949418,0.22145564994430783,0.05824294313788414
-0.09519247071208548,0.2810900472926429,0.08401119709014893
-0.09406858825113007,2.218905525091453e-05,0.001390073332004249
-0.09812697035726403,0.0012377104312430855,0.009972603991627693
-0.11014235412542323,0.022548363935761942,0.04685657471418381
-0.09895108887076931,0.02201681737118866,0.09367877244949341
-0.13287260609078766,0.04618010775552531,0.023698024451732635
-0.11888426378367917,0.020853264205232855,0.06036241352558136
-0.09186183601029091,0.002095446109061045,0.002874726429581642
-0.08616903753268307,0.492656364899826,0.13021843135356903
-0.10569740032978803,0.039629782156728535,0.02385280281305313
-0.11492163509669284,0.004673224625522416,0.006273359060287476
-0.11642100583659781,0.008740866552844498,0.0371943898499012
-0.08643153939027881,0.0017639140353552922,0.02216488867998123
-0.09994267641235038,0.2160305651418967,0.02844136208295822
-0.11672565926555234,0.16401038527949918,0.2780775725841522
-0.09593193294740054,0.0024227791864792373,0.009081286378204823
-0.096111584312422,0.0024708730021979625,0.01772894151508808
-0.11839035996240926,0.0390373982754438,0.03793355077505112
-0.09610324688778238,0.00030805301276070994,0.0052479468286037445
-0.10300288500776994,0.05667451626483795,0.0397472120821476
-0.10297309437116053,0.13169205141374915,0.056794945150613785
-0.07387943495694776,0.03176998023767551,0.007690361700952053
-0.10744583753809966,0.22213931720493157,0.016100358217954636
-0.10073021781796565,0.1394657199572305,0.0748259574174881
-0.101153124530864,0.4672021939939197,0.02878945879638195
-0.08707926007981348,0.14236436015710185,0.01714327000081539
-0.10738790903611117,0.10678061352210814,0.051380522549152374
-0.10311865483210719,0.0025703994950815106,0.013565958477556705
-0.10514570464217715,0.08293353887505003,0.13418874144554138
-0.06886563666647333,0.2556548908287042,0.05256155505776405
-0.09715242309532124,0.2476760538461291,0.04785885661840439
-0.07755244818130369,0.43953510887121877,0.05585680529475212
-0.09500565135494538,0.38315471039936594,0.06403417140245438
-0.11214484881913328,0.09216432227468745,0.03466742858290672
-0.11979889268839627,0.10447524418898135,0.02673112042248249
-0.09684380360787553,0.2659812207520207,0.013644065707921982
-0.11571070116030602,0.06618823289988654,0.25057753920555115
-0.11653679889589197,0.1864846068987007,0.05992481857538223
-0.09686187408200986,0.007157988394990159,0.0313340462744236
-0.10822159673362541,0.07836168410226348,0.015894215553998947
-0.09447627870179603,0.05350914204269875,0.023810427635908127
-0.10533568906515844,0.0813841540095381,0.004325115121901035
-0.09662384786264044,0.09461038496673292,0.008867025375366211
-0.10820906339092212,0.7049190928291379,0.037506476044654846
-0.11102827853575359,0.11554229586847432,0.12847734987735748
-0.11485414900054708,0.15050217736833857,0.05274322256445885
-0.10638630157593382,0.0009286294777977183,0.0792713612318039
-0.11237069610775907,0.04375001982248296,0.007083534728735685
-0.09416525521667501,0.16955375325538408,0.08652760833501816
-0.10314520836052471,0.42619315137904634,0.26949426531791687
-0.10111678692380455,0.033948032489149106,0.030503131449222565
-0.0965141867127105,0.17845830225471113,0.10549300909042358
-0.0926615107023675,0.0460085672181287,0.02675705961883068
-0.09444946450493213,0.16468602252099399,0.02030952461063862
-0.11347463077161413,0.05846778866178113,0.06640888005495071
-0.10493693330751491,0.31807007774689705,0.042727455496788025
-0.10275749722578664,0.027847937260277435,0.026257488876581192
-0.09508218268121388,0.21367304225478262,0.06665767729282379
-0.09778859717226701,0.7328390977004828,0.08165672421455383
-0.10365216011509243,0.441014882640034,0.019724475219845772
-0.08745997909324404,0.02069463320351283,0.035839926451444626
-0.1034202167074666,0.030334753526632292,0.126925989985466
-0.06808310025196279,0.002391126271363876,0.016778189688920975
-0.11415984445068317,0.20658306226655074,0.1160876527428627
-0.09712329924633967,0.007119442397778973,0.02981821820139885
-0.11882921582454498,0.006474250376691604,0.017121292650699615
-0.1062700095025339,0.015362724411559722,0.0177396722137928
-0.10670194101654945,0.032944409630828425,0.0669088065624237
-0.10032500362159508,0.11424153533991073,0.018152520060539246
-0.10807587922217482,0.00014579186380607418,0.0137259466573596
-0.11334915834957876,0.13330312287722224,0.007283079903572798
-0.09254391511504384,0.5954673528549536,0.016918212175369263
-0.09979211925983394,0.1686698951820528,0.044490616768598557
-0.11065284127924907,0.04961911125934608,0.014466638676822186
-0.094476158829506,0.010109223392928931,0.003725131507962942
-0.0888464723903864,0.9525954431642266,0.011830142699182034
-0.10065155762639583,0.017531333788374594,0.05324239656329155
-0.10747618838650802,0.0167026129533966,0.04953059181571007
-0.09655535604007037,0.0075470967717599135,0.005947919096797705
-0.09771373089415464,0.5463401760496838,0.009157310239970684
-0.09492413301008867,0.010969984137818327,0.0035279232542961836
-0.10335239921178102,0.3756321169238453,0.134621724486351
-0.10430379760112679,0.061685119832241495,0.0282050222158432
-0.10496081228619192,0.007102359138235069,0.022426636889576912
-0.12003504106376406,0.01342123324979856,0.022929538041353226
-0.11253757968524547,0.013135844023029943,0.004238299559801817
-0.10786329388985816,0.32334492902108375,0.02695074863731861
-0.09996110025575816,0.00565941373749696,0.3270350694656372
-0.10198320694059976,0.7974658401960535,0.14943289756774902
-0.11565590699869105,0.028097937579551938,0.1930665820837021
-0.10162704621846519,0.47652373305910006,0.011669855564832687
-0.09741717098513453,0.002912413853631108,0.21546129882335663
-0.10389885079415867,0.014151780240425257,0.0143451988697052
-0.11025832475249264,0.11616729717236443,0.039039403200149536
-0.09660212397200985,0.07271528508073008,0.03061971254646778
-0.09970428076478438,0.09792845930576129,0.24730134010314941
-0.09715980068154001,0.8926260739482892,0.21282510459423065
-0.0950793073860764,0.15641930418693625,0.029014920815825462
-0.10907600403449902,0.5827352331748265,0.21406176686286926
-0.10317476353638994,0.002695498018844521,0.008622180670499802
-0.11703468780603332,0.39851441382943104,0.10587572306394577
-0.10076617054319542,0.13259794791527624,0.013447471894323826
-0.11328658357421534,0.02837684063115009,0.018280252814292908
-0.0993742414065652,0.2578686076424748,0.023181002587080002
-0.10696172045438945,0.8143291868397674,0.07511193305253983
-0.10172340672735031,0.6573550106880829,0.00706883380189538
-0.12080892851387798,0.1271628690124535,0.02119388058781624
-0.09172440435169515,0.8086632152363908,0.02151803858578205
-0.10649512767151237,0.20301507935272362,0.29817309975624084
-0.11313526085580461,0.8661924240523853,0.2041597217321396
-0.11047971257993727,0.0442515912137293,0.027705185115337372
-0.10873910386529223,0.0042380462582355975,0.014338412322103977
-0.09872979457212894,0.37788395794707125,0.01406340952962637
-0.10642953756621332,0.021110214200797457,0.010779760777950287
-0.08937622611088958,0.334342874095734,0.008712690323591232
-0.1012276380934567,0.4853906443533945,0.08358794450759888
-0.10538614717884043,0.0011358718437379212,0.016051340848207474
-0.11107305918480204,0.007501349561364318,0.002806438133120537
-0.06417417820239008,0.06868202306185152,0.012861532159149647
-0.07622691612529536,0.0009443369116836597,0.0064828163012862206
-0.10267770835827433,0.003532883740555902,0.007130355108529329
-0.08690540320272117,0.10116860692648351,0.034096136689186096
-0.10572680182250166,0.008214028960034888,0.06113297492265701
-0.0915460224467115,0.3172974844550836,0.018665427342057228
-0.08699639615466703,0.08707070180408104,0.00608662236481905
-0.11737853209182009,0.011362565143333574,0.036981645971536636
-0.09640334892785185,0.010569102859477214,0.06361688673496246
-0.10655029081242773,0.0025271010451014325,0.013385857455432415
-0.0887620761388524,0.09394416008545348,0.4644998013973236
-0.07518242672840247,0.0030981993130043467,0.006545112933963537
-0.09960580142222741,0.011203816182868058,0.04403538629412651
-0.08054492663721635,0.47929077606453474,0.12061390280723572
-0.09045093056677073,0.000931211796246674,0.06030584126710892
-0.07680713602232181,0.8880688428669572,0.26192212104797363
-0.11195011305406871,0.5523723844889914,0.02304156683385372
-0.10372282727950966,0.042536681924379295,0.010923665948212147
-0.08142802271665978,0.03483172433850174,0.01759508065879345
-0.10279435911299384,0.010828926911543076,0.008517204783856869
-0.09573149135828318,0.0007999997320878669,0.030246667563915253
-0.10861385020028302,0.0460217145921849,0.12463222444057465
-0.08935100960994119,1.780467806552619e-05,0.0036015899386256933
-0.09011350436820026,0.00027067588743567037,0.007521141320466995
-0.06290140698765001,0.9280916355398813,0.19106926023960114
-0.10560891944154133,0.09295193904147245,0.03670049086213112
-0.11393660728733795,0.0052790916784435605,0.016452133655548096
-0.10844080305438059,0.009885730945059406,0.1281445324420929
-0.11108727773001437,0.06801163697997308,0.08294426649808884
-0.10956506845540359,0.014358098023685779,0.01270312536507845
-0.1202376904206729,0.09833520123123626,0.04937053099274635
-0.10389742096014642,0.022857300079024295,0.013653893955051899
-0.09011586625661,0.09677260460759698,0.005296018440276384
-0.08711100201056565,0.0003674568052660089,0.025515122339129448
-0.08739065892191938,0.0006451111720190576,0.009370716288685799
-0.0954336159874839,0.7255408891882064,0.18592451512813568
-0.11695023732570498,0.697341851850319,0.11421436071395874
-0.1004745482973457,0.5811356133294193,0.15931446850299835
-0.12545596092071087,0.02192339001028582,0.014361240901052952
-0.10368358712683867,0.036481606607883535,0.017576726153492928
-0.10589946754907048,0.0009608317420186468,0.03994746133685112
-0.1069681551855437,0.018087202666136497,0.09359569102525711
-0.10632698786965977,0.09923715164763178,0.018744969740509987
-0.11258625001428413,0.3405631782385029,0.32057085633277893
-0.12119155537470488,0.010834665673144532,0.02526489645242691
-0.09463948162217745,0.009514463177321138,0.02450394816696644
-0.10245238070812263,0.02102175056987357,0.002218046924099326
-0.08774263200384641,0.06884480619068366,0.0025505521334707737
-0.10471625332053403,0.24612091545974754,0.04166030511260033
-0.10570614784505034,0.19325966559106245,0.1267533153295517
-0.0821920307813388,0.0005649893755418516,0.02439100854098797
-0.11775027940291005,0.08187192805593618,0.004723147954791784
-0.07743055430340323,0.0008694560205009116,0.026195194572210312
-0.10127367736325638,0.21825209756971167,0.0636807382106781
-0.10210078618813961,0.9977483483904426,0.05727706849575043
-0.09991865619066415,0.03285656780413705,0.01585099846124649
-0.10749660941203193,0.3646397776478847,0.039188534021377563
-0.09671172943243528,0.012661805307847955,0.016832489520311356
-0.11404049904750663,0.07183366879794753,0.20777015388011932
-0.10655037020653252,0.18420387884609035,0.03214728832244873
-0.10506372724046042,0.32556060886777477,0.032914429903030396
-0.09577553931492883,0.7223296840947604,0.021560542285442352
-0.10323967950768859,0.11603243830068849,0.009075306355953217
-0.09429943562972731,0.038910155811666416,0.004344761837273836
-0.08962809867296045,0.045211552981135494,0.03387121483683586
-0.1108348974362725,0.0787518155933752,0.022312602028250694
-0.08722787309460617,0.013421367307819787,0.008332952857017517
-0.04553239569695644,0.9937004500958018,0.017008263617753983
-0.08685019109589293,0.04745782851314953,0.08906836062669754
-0.09283993113422301,0.029919525308293716,0.008877784945070744
-0.10161753111790445,0.003447353434238577,0.22305817902088165
-0.1151987750976618,0.0010799375748158564,0.0031622175592929125
-0.10361328606654252,0.026233137269900987,0.013258026912808418
-0.10847112656510616,0.32243913542204444,0.15650232136249542
-0.0925009799988627,0.018228088596236973,0.0059956335462629795
-0.06524086972731608,0.999273861240457,0.02722323313355446
-0.09301203404803154,0.00676340648615228,0.01564798876643181
-0.09020529861245702,0.00020135460507702765,0.00631319172680378
-0.11968967909190908,0.007820070098756193,0.020777210593223572
-0.0863610484576477,0.00028718559718640105,0.004305123817175627
-0.09565238131901871,4.1784787399942494e-05,0.012094606645405293
-0.09243929327841133,0.016260979703665506,0.008289273828268051
-0.08755929787956468,0.11275610621040204,0.015849919989705086
-0.10222309959715925,0.29092372087214957,0.03358918055891991
-0.08865963180756581,0.24893526263650081,0.01455595437437296
-0.09993504874884035,0.013664130308345443,0.06669431924819946
-0.0802313157009098,0.01020900567858714,0.04260080307722092
-0.09826007725408908,0.5565254590286876,0.1478637158870697
-0.09851272023711583,0.0012655474262610537,0.0073751718737185
-0.09392370140172668,0.0035313603745299534,0.020885054022073746
-0.09995567933788818,0.05654492833967499,0.009894097223877907
-0.09244478851115978,0.0871643712415252,0.017696566879749298
-0.08247806718315254,4.9922845675121585e-05,0.009534857235848904
-0.09687575555665684,0.012403183234959233,0.009316466748714447
-0.100121466687143,0.0012300798415231383,0.00401300610974431
-0.09519479173271367,0.09543258111815302,0.029788898304104805
-0.05941073779079126,0.26546864792687797,0.06377505511045456
-0.09918840554894204,0.012197670975048905,0.025055795907974243
-0.07444801129599854,0.00036865286403476417,0.007488211151212454
-0.10220008460827784,0.09270857348474634,0.023451270535588264
-0.061378749680218114,0.0001883776005414728,0.07488346099853516
-0.11170624292238679,0.04343180639295982,0.023473825305700302
-0.10513950928328608,0.0360845298981802,0.030023587867617607
-0.11093939431537503,0.1390808774658501,0.0623197928071022
-0.08014848079446607,0.02416170701263214,0.01428967621177435
-0.09237698423836588,0.0024292650383726604,0.0203702375292778
-0.08756067476022295,0.008262210466121859,0.0027906931936740875
-0.09586932107026164,0.016599588053651578,0.012872566469013691
-0.08955847943413286,0.020456407089774274,0.006089299917221069
-0.08484182334052293,0.03646349462861855,0.006971720606088638
-0.11550388015998903,0.10792160427932423,0.07467930763959885
-0.10350574445699878,0.1951815958480951,0.011798717081546783
-0.11045204781669427,0.7913840160726234,0.02242494933307171
-0.10112753331842422,0.030080168957774413,0.002616137731820345
-0.0966848339037934,0.36245057661168617,0.1663462519645691
-0.09086824989942877,0.0016447810721043085,0.007463723421096802
-0.10850305968327295,0.02072396195002897,0.05191144719719887
-0.11985916083054221,0.025260197669344384,0.03489258885383606
-0.09418282922911403,0.0006630995880837259,0.01777605153620243
-0.10678846259595137,0.0062681568566210705,0.0018734452314674854
-0.10146975703389205,0.03972928567592137,0.020584098994731903
-0.11215670061504074,0.18298143151574436,0.03636022284626961
-0.11489399537958861,0.12955466346149908,0.04867115244269371
-0.10492564009033356,0.00048430189520263725,0.006282815709710121
-0.10872089757678222,0.36447607075516314,0.06694421172142029
-0.061513795013872496,0.035837887942177286,0.013582827523350716
-0.08347829640062154,0.006705650899217637,0.008489401079714298
-0.09756457316126022,0.012242374803787728,0.005759276915341616
-0.09456810770070329,0.0007996132022241924,0.008120609447360039
-0.08169034437812195,0.2022863305736964,0.19460943341255188
-0.09892452450464079,0.020752024101517042,0.008404039777815342
-0.08192948485409796,0.0005379281883745539,0.004460005089640617
-0.12220537139445387,0.03757643830259569,0.012118463404476643
-0.1107443685754288,0.003251743473294981,0.0025757281109690666
-0.09330539596694337,0.13121127972700838,0.011867186054587364
-0.10092499501429497,0.012354400487731058,0.010768640786409378
-0.1152307304477822,0.029863770473231206,0.12362020462751389
-0.09842715175161465,6.287454002129643e-05,0.018104759976267815
-0.0946914151182397,0.0011993011269977511,0.01757708005607128
-0.11431409070684756,0.005334368036858219,0.009190780110657215
-0.0942823476042548,0.00022128819252179472,0.002692130161449313
-0.10916017642754161,0.00778576684334026,0.009788131341338158
-0.08310993998644733,6.979277021355992e-06,0.009647383354604244
-0.09753438848297624,0.038447226729836234,0.021956581622362137
-0.10485372987710123,0.019950530497138436,0.024970808997750282
-0.10705676351633175,0.03571344119700352,0.01645878702402115
-0.10035330848601093,0.025528872136803726,0.014874454587697983
-0.1035699087604236,0.0040785013722130165,0.0035770530812442303
-0.11725863045391832,0.006950312342294829,0.00503372261300683
-0.09424331081327447,0.355676153594471,0.06499417126178741
-0.10090766929726164,0.018565705414253304,0.005083209369331598
-0.09693870194638304,0.1487517188690806,0.09322759509086609
-0.08823680145204671,0.45150098962013474,0.008450271561741829
-0.07425412928964181,0.13078634325716845,0.02413773350417614
-0.1130364358795759,0.3567728156111148,0.15217365324497223
-0.10805470281024138,0.0014284400571218843,0.024381807073950768
-0.10120708385599375,0.39996250772202246,0.010222728364169598
-0.10802314132779067,0.15732627039759345,0.01724689081311226
-0.0852630191200699,0.007822557768746278,0.009616302326321602
-0.108713009244996,0.07005022206523527,0.02935940958559513
-0.10088255235354127,5.9124181109743276e-05,0.03170491382479668
-0.11586731892897623,0.0686529549154892,0.018418924883008003
-0.0917959431304664,0.027274328065108443,0.030512770637869835
-0.11524382253822918,0.18323137990022179,0.040056388825178146
-0.10376696173688232,0.22011214574503568,0.018281899392604828
-0.1139525640525692,0.012662222429716659,0.0313817635178566
-0.09445614580120326,0.0027398505198766906,0.012154525145888329
-0.11628512685034131,0.32435831915779095,0.03331697732210159
-0.09922570401750491,0.12408185206094884,0.05561632290482521
-0.10652461510961025,0.09580693974929927,0.016387006267905235
-0.11480171446454457,0.14954972711040837,0.25209683179855347
-0.10810366653279724,0.7982899723178452,0.11703865230083466
-0.0869410084675023,0.2321141572024484,0.07163975387811661
-0.08609741371329777,0.01569817450739677,0.010912415571510792
-0.11337472983466879,0.06037163364437532,0.029678329825401306
-0.09739387672930344,0.5261837893103952,0.07255367189645767
-0.10108876635868319,0.8028509105802009,0.05299489572644234
-0.07188651443556521,0.5597256438594191,0.07887586206197739
-0.1040832382176774,0.06848860808038705,0.07389558851718903
-0.10839634327547254,0.4754284708549688,0.11067792028188705
-0.09049342941325433,0.6132003255493255,0.06676068902015686
-0.08199957369688432,0.014286722595612948,0.009520704858005047
-0.09128053986672546,0.5572048745074432,0.026493316516280174
-0.10913577348820735,0.015522820630038564,0.027391569688916206
-0.10356775766140436,0.010858183969352439,0.010742087848484516
-0.11555195666810208,0.10286568279537181,0.03546944260597229
-0.09852225169574141,0.28449647744947426,0.0227633286267519
-0.10361294798558984,0.005858344533709896,0.052191827446222305
-0.0975067526331273,0.02711138213866805,0.003431641962379217
-0.11667788008816099,0.012599909876021132,0.023476792499423027
-0.10788639898701524,0.18606591672409328,0.1469845324754715
-0.10674253444921444,0.2254869492389321,0.07904257625341415
-0.09616528520497836,0.0007116112566995727,0.007590951398015022
-0.1092107604158779,0.8342031745981264,0.1300080418586731
-0.1044499719152252,0.0038770114739865675,0.022114558145403862
-0.11120417125027865,0.10732850734945888,0.13334085047245026
-0.09315361463967448,0.04306259181908631,0.19302333891391754
-0.10024464809033634,0.06819467418836533,0.02004815824329853
-0.08868196541933382,0.0030999206001145123,0.01851416379213333
-0.1054941110426017,0.0069893143079652695,0.041203513741493225
-0.07914982184198599,0.0021917635976522677,0.0515262745320797
-0.11902484540061509,0.03880500935918986,0.043185777962207794
-0.10423391884959254,0.004832516743826077,0.0072173927910625935
-0.10583689542201508,0.38456256908076436,0.23304645717144012
-0.10775621718906048,0.008479096327104856,0.0671047642827034
-0.11173302742964414,0.09172129276687288,0.07660101354122162
-0.11268194637960427,0.004504182359728391,0.04788362234830856
-0.11268137706613784,0.7901200554563568,0.041153885424137115
-0.09738177664771602,0.05013562728896199,0.04616968333721161
-0.0778404752926874,0.1370290310950923,0.05132871866226196
-0.1101861598952466,0.12810400585558956,0.03305530175566673
-0.10450244245161161,0.06347338481673442,0.012859339825809002
-0.11573785127891961,0.026546964511372603,0.022733310237526894
-0.07631240891814645,0.0006340326751796581,0.014445015229284763
-0.12018827802509768,0.3571709761952253,0.05542365089058876
-0.10240038888349612,0.02028942840247574,0.0020752795971930027
-0.09324927644589764,0.00030587993573299473,0.013960002921521664
-0.09962512844071775,0.01528560947757899,0.004843538627028465
-0.09582818721976444,0.20402138201631412,0.03359484672546387
-0.0817351499071905,0.00012997173131905758,0.0033371574245393276
-0.10679625847536672,0.06316246305313386,0.017480526119470596
-0.10322745574674286,0.07254628152129124,0.057080432772636414
-0.1042316335492201,0.0035229277038616,0.004302686080336571
-0.10512640230520381,0.23575163323081788,0.11774963140487671
-0.09919244891966394,0.38778145191636887,0.4343346059322357
-0.09929910539844966,0.25421090288462234,0.01880025304853916
-0.10512814693718209,0.3497542612414329,0.10619547218084335
-0.09614293870891338,0.009355486422562854,0.00627758726477623
-0.10694069093130609,0.7566379223491988,0.15050570666790009
-0.10704809343582988,0.032666588980617466,0.07824701815843582
-0.07976157745218465,0.0007696112811219247,0.04272862523794174
-0.1146540992704363,0.3294286610336628,0.0625724121928215
-0.10491867431967716,0.1964125526643694,0.03127134591341019
-0.0996954449152736,0.23219072221298062,0.030808622017502785
-0.11108052327960405,0.008475579291994034,0.03907722607254982
-0.10214514145751824,0.009128208328979114,0.03098209947347641
-0.09064330652289915,0.880284753791785,0.368560254573822
-0.093714873125128,0.7079593575536676,0.08583790808916092
-0.06722958158476433,0.004890407479001272,0.30024972558021545
-0.11060745421198476,0.011101839948072283,0.046216320246458054
-0.10594906364713513,0.001007570342847635,0.008550472557544708
-0.09988568711188028,0.061151329216974665,0.02407550811767578
-0.10721603385449074,0.027190028565143545,0.005862358957529068
-0.10372336626777617,0.0023678465406337026,0.023945681750774384
-0.08907701006810315,0.12130756874994483,0.057073913514614105
-0.11873167699627168,0.13085691116924617,0.11833013594150543
-0.10075567589447926,0.006862777765249317,0.005739931482821703
-0.1131040120565674,0.11530326915473851,0.09917999058961868
-0.08506955488552737,0.48629740913461095,0.13504816591739655
-0.08590589047498848,0.13999472413876,0.0822816863656044
-0.09241084874292915,0.053721290746897056,0.027771729975938797
-0.10745778298624231,0.5256026549340403,0.07319507002830505
-0.12104144561377778,0.02675158072195335,0.014594904147088528
-0.11175544112297231,0.13851742965035702,0.09625411033630371
-0.08987905491413811,0.6450653419853579,0.04382508248090744
-0.10033540260389456,0.02028373360953808,0.011843623593449593
-0.07724574156259029,0.002618793898586202,0.01596921868622303
-0.09822346359036566,0.15888492854317607,0.042247626930475235
-0.09086186400868979,0.01003152550839377,0.007834614254534245
-0.10599434995108747,0.018572609251801157,0.12955425679683685
-0.09878997968812792,0.009903784406330687,0.01337696798145771
-0.10299356679085148,0.2234592153066894,0.041993647813797
-0.09927939981126754,0.39883033817412816,0.2206062227487564
-0.11498244588832779,0.002880345958285886,0.008008867502212524
-0.09727044623531578,0.000594523296696024,0.008902746252715588
-0.09878550049262169,0.1174498291430077,0.01753251627087593
-0.10424648662435737,0.7101589616860923,0.022558316588401794
-0.03832559197157698,0.9544565285663967,0.02021191269159317
-0.04064898183959731,0.13498430043297696,0.08541182428598404
-0.11130763488375456,0.018304312389937325,0.023520883172750473
-0.11188933335272977,0.4423276294934452,0.09813058376312256
-0.09951550318748309,0.23220121082354028,0.06529778242111206
-0.11105299833282634,0.0009493383683742302,0.0015214977320283651
-0.09271831283777088,0.06301743529408908,0.04572592303156853
-0.1207778795351247,0.005480673777868514,0.00830103363841772
-0.08284788879942628,0.10261732146416233,0.03151453658938408
-0.12311726373940701,0.10088301533984159,0.1469644457101822
-0.1063610849488667,0.012541659287396228,0.0726466178894043
-0.0980283345368288,0.008152763940989063,0.022305073216557503
-0.10767675812485794,0.19082914691084896,0.03233074024319649
-0.07591304830356299,0.010503578950880107,0.0919707790017128
-0.09104014056049753,0.45447687412263804,0.12720844149589539
-0.10458105219774577,0.051055871392654134,0.09141221642494202
-0.11078925367304354,0.09034843677254042,0.15133841335773468
-0.10312777687779595,0.06573591706951855,0.06069030240178108
-0.09459783230167079,0.10885974559499144,0.09946323186159134
-0.09804574091640789,0.8644663893086486,0.029995989054441452
-0.11253460181904668,0.00032152538697700445,0.00953088141977787
-0.06973908200884638,0.08136705218968432,0.11186457425355911
-0.0765380205354323,0.06212586569296544,0.1140555888414383
-0.09554532765450902,0.5239221198816707,0.07575911283493042
-0.07499334197679325,0.4274966047257307,0.05226823687553406
-0.09853789376803046,0.016148515739477124,0.07073109596967697
-0.11491410898293003,0.01446143525777098,0.03951131924986839
-0.08576442357682995,0.03279946277450529,0.0024486505426466465
-0.06973144091010258,0.00018862870242055817,0.00398891419172287
-0.1121170637758428,0.12809113596064575,0.0517265647649765
-0.1135746708885752,0.0641205167235183,0.2884576916694641
-0.10922184832339066,0.34111850531970067,0.037459637969732285
-0.09577326634080319,0.0022615951416856644,0.03753214329481125
-0.11562374187310409,0.15515722663597453,0.04391223192214966
-0.08268903386722526,0.000199534999263627,0.12568442523479462
-0.1022069395632712,0.0024914287906769353,0.024804025888442993
-0.09398745956608207,0.4496069812030355,0.021042626351118088
-0.11201720051848557,0.1395708668101901,0.18791982531547546
-0.09217334522983844,0.37978984838940577,0.10227504372596741
-0.10068676823490252,0.5029944008287544,0.01851302571594715
-0.0973311803668383,0.045806807391708546,0.08581798523664474
-0.09781735562049837,0.013085365684419464,0.007773236371576786
-0.08887476772657427,0.0007174093532228674,0.017784686759114265
-0.10178678511454148,0.1649980252324554,0.0801771804690361
-0.08591532491962894,0.00022473925747618396,0.017329204827547073
-0.10561787499893477,0.0030384274708369205,0.05528079718351364
-0.09356311028697273,0.000806846069196035,0.014027716591954231
-0.10722388371699693,0.1931086269761143,0.09024690836668015
-0.10985109471082011,0.7070938150941504,0.39994245767593384
-0.10492638334410348,0.0745112604231925,0.0282664205878973
-0.1024038947195946,0.05824130330886439,0.04108642786741257
-0.09291109466489128,0.8185660389286713,0.2629633843898773
-0.09409979743370506,0.0033426869317233717,0.02194100432097912
-0.10415199816970738,0.3232412878463891,0.02883157506585121
-0.047726289941174393,0.03332806671080046,0.04235932603478432
-0.10424134889933606,0.06180287266526801,0.17799066007137299
-0.10560132238426606,0.300569401005619,0.02669788897037506
-0.10503594562042284,0.1108256186388326,0.09263626486063004
-0.10830860061385905,0.02776003313433725,0.011144323274493217
-0.09962762651264584,0.031059908241493815,0.03418554365634918
-0.08935547701098262,0.013606873366202433,0.07510161399841309
-0.11440517886934648,0.07627282657532264,0.05944749340415001
-0.1066230832980849,0.042010899413268486,0.01340397447347641
-0.09001032271013115,0.03147860482603188,0.023599619045853615
-0.09091264081983164,0.10080639589377603,0.06576027721166611
-0.08149992100818909,0.34974277295467143,0.026374753564596176
-0.10166241939261844,0.03108000370649459,0.004203008022159338
-0.08213610209009059,0.32368699574743215,0.18424592912197113
-0.11228754748351139,0.7011250724572619,0.17245417833328247
-0.10739055159993488,0.6030134971247565,0.20845194160938263
-0.10218709273023796,0.1267485642109571,0.015574601478874683
-0.09672854390886204,0.005549162821758383,0.017762543633580208
-0.09290206487020031,0.44854591891524875,0.06501930952072144
-0.10667628302541615,0.035861675155185554,0.32196512818336487
-0.10389253110066365,0.0012580185548721197,0.00720073189586401
-0.10443273773561612,0.23784604978640395,0.020143916830420494
-0.0869781165589919,0.0021288189286970483,0.035460278391838074
-0.10930559498875336,0.012862875678557295,0.006498897913843393
-0.10952803403909844,0.0103321827447596,0.019346410408616066
-0.10363213128751375,0.0037291367529058784,0.0322762206196785
-0.08469978131459693,1.7029852033916216e-177,0.08699773252010345
-0.104617951831521,0.20290619908638907,0.3345925807952881
-0.09887369843398985,0.004207125014048622,0.012349731288850307
-0.1141847216825514,0.009603993582679259,0.2610434591770172
-0.09267690069901674,0.3745472999473314,0.09476248919963837
-0.09683436848484595,0.4701874073058066,0.06651877611875534
-0.10209869766804325,0.06070811452308314,0.08409934490919113
-0.10262118260224445,0.8470935545751715,0.40104323625564575
-0.09945368465641302,0.0035245857429215717,0.015043307095766068
-0.11544165171563558,0.06354476331967161,0.005882086232304573
-0.10569024814985994,0.7028218803371082,0.0668305829167366
-0.10530146194028545,0.03846472512008513,0.10928316414356232
-0.09460114701841477,0.0017678615461609738,0.028679396957159042
-0.11100192377327961,0.43421179947691585,0.16581997275352478
-0.08737799618339115,0.7789469867557589,0.2446012645959854
-0.11367128877701449,0.6901134196651977,0.07447165995836258
-0.10832060759212958,0.4374526714635415,0.1375451385974884
-0.10441962497117052,0.30108657513612747,0.023692412301898003
-0.09522368171183782,0.14226161209716814,0.20037220418453217
-0.10372794831006621,0.048217608720049585,0.13075284659862518
-0.08672657022144542,6.170203667092072e-05,0.09477964043617249
-0.11224386845979772,0.11261325782534308,0.08804678171873093
-0.10564617833664391,0.8624405800352258,0.5053850412368774
-0.09657875923833958,0.08538449739360172,0.052707552909851074
-0.08752562244213563,0.12430615968508957,0.19118161499500275
-0.1014865187174685,0.014157312645101519,0.16206097602844238
-0.10405229209469763,0.01458538088975142,0.061508145183324814
-0.0567291662308565,0.9875474014454008,0.1584678590297699
-0.10483563005714364,0.045450760963707676,0.010323508642613888
-0.0964669480038039,0.04082631372416146,0.05366157367825508
-0.10260529314492811,0.39208687199648024,0.19529147446155548
-0.09021001654220034,0.065636488834115,0.32532259821891785
-0.0985539229313927,0.012876698657394266,0.05620706081390381
-0.09043296953766183,9.557382536194935e-05,0.02475735917687416
-0.0885432685911623,0.0016607946392525514,0.09602075070142746
-0.0931864814521915,0.002968592537275755,0.013880287297070026
-0.10247639356221061,0.0025128707187169774,0.06420809775590897
-0.09734431268486038,0.7783512850182238,0.25826752185821533
-0.11325611980605216,0.1600267926858582,0.049262139946222305
-0.09131912238204909,0.9979681961355077,0.5974551439285278
-0.11197855220681513,0.13568908435778304,0.04667849838733673
-0.09378446962257153,0.2197519763314068,0.11820200085639954
-0.08168208977307334,0.022494821110813384,0.044176142662763596
-0.10334602562545048,0.339488832617959,0.017681099474430084
-0.08735569973565299,0.024963023302272094,0.00959230400621891
-0.10747766682061266,0.6166686527274817,0.2032407969236374
-0.09569214926989006,0.6719909085526956,0.026473522186279297
-0.09473901914334254,0.3411721842017735,0.35068681836128235
-0.10641673308498129,0.15907659204656233,0.04797548055648804
-0.0894351616151502,0.9010593297268366,0.278344064950943
-0.10351587181159017,0.05943612745803326,0.1290144920349121
-0.08237030748003954,0.011539725946700179,0.04961946979165077
-0.09382665378756899,0.18441225815557047,0.11200406402349472
-0.10268579968488878,0.07387914967835951,0.03750527277588844
-0.06337539713820856,0.1835678880373718,0.09423594921827316
-0.11059442418064391,0.00886202677676142,0.02485053241252899
-0.08271687446316228,0.5607955446824263,0.08118623495101929
-0.07421544362416516,0.5659897946565735,0.01763731613755226
-0.0910885672761294,0.26930837909952515,0.2586497366428375
-0.09771940699673642,0.325769416319553,0.10693557560443878
-0.10808051492347515,0.7104494100831572,0.19492758810520172
-0.09328379575468693,0.3119174856121324,0.046150583773851395
-0.09797750293457907,0.07689154205176968,0.06125924736261368
-0.09555559752904985,0.042752271193834304,0.061255209147930145
-0.06692192931113378,0.08160457720532956,0.07262898236513138
-0.09759920309859438,0.00906445630392774,0.028559459373354912
-0.10502801816529028,0.2084194137231776,0.03375702351331711
-0.09207702642338678,0.0037955664464989548,0.00892887357622385
-0.09423831057802662,0.29442244489717767,0.29281875491142273
-0.10122350720541312,0.7726754998362911,0.44245898723602295
-0.10624846845207048,0.026494285735068363,0.012675329111516476
-0.0866221114988886,0.0005822592819527167,0.0063543301075696945
-0.10027105501779632,0.9237650465206921,0.02500389702618122
-0.10006280192145972,0.019817362367464862,0.009620963595807552
-0.10552825646820058,0.35026394424803053,0.0743618980050087
-0.10599397861257565,0.4062793797046865,0.0451388917863369
-0.07382508161183643,0.5121785590932546,0.05813881754875183
-0.08497789508157139,0.41417545310045645,0.700636088848114
-0.09128736999888976,0.057660653099699415,0.02916705794632435
-0.10000575207458517,0.352363649679224,0.04175534099340439
-0.08339466114875327,0.26916916020101045,0.2679489254951477
-0.1040361409849524,0.04852272058150789,0.29885387420654297
-0.10306978621596746,0.04464294107063465,0.059796035289764404
-0.0963054065678996,0.01809823082559384,0.04609612375497818
-0.11573011619546841,0.022201981017819762,0.01937778666615486
-0.1192270650194106,0.052545642683911785,0.0274190790951252
-0.07975867976710349,0.018706010348708016,0.012182357721030712
-0.11272949631053841,0.03404632162481966,0.04569670930504799
-0.07537277975988649,1.6657622723017076e-05,0.02228846214711666
-0.09156187653573072,0.07263016611601704,0.3023380637168884
-0.09204889269041805,0.026637750950755257,0.018651233986020088
-0.0839407446536577,0.2725990650049944,0.1325085461139679
-0.10937843336799252,0.011207735167372055,0.04092378169298172
-0.10192702708799811,0.014288103647065365,0.04791265353560448
-0.07381274515995723,0.6968282823566915,0.18738247454166412
-0.08966769372589334,0.12456195642907644,0.1036498174071312
-0.10334289224312898,0.4677828201169467,0.15255598723888397
-0.09734808339694506,0.0377402709040814,0.08289795368909836
-0.11441469027354062,0.16150817912425122,0.08102990686893463
-0.10241494361700954,0.09317574610649408,0.1445876806974411
-0.07998751388009012,0.36299353275461466,0.016682904213666916
-0.08016400112963351,0.004630279670528244,0.4158347547054291
-0.09144448776013936,0.12767907354079866,0.08768748492002487
-0.10191879152005046,0.2117045610967608,0.10444217175245285
-0.08042810465929784,0.0004028931941491313,0.19227765500545502
-0.07624950036275108,0.004365266189929686,0.03416868671774864
-0.08133865325514594,0.16951926029230296,0.04524608701467514
-0.09085222681924765,0.0011286594372713077,0.007721098139882088
-0.08532799883771619,0.021837538453017134,0.03829989954829216
-0.08960316481655561,0.0023132964840218468,0.022772299125790596
-0.09865485840993343,0.2766924478674129,0.11203432828187943
-0.08131105500350377,1.532135137544656e-06,0.040426094084978104
-0.10961238376593857,0.5122162250458828,0.04945677891373634
-0.0944115624841681,0.13377326890117128,0.09479208290576935
-0.11208888766941882,0.004721444919069773,0.02538781426846981
-0.10832580439712519,0.3137594173910037,0.09092597663402557
-0.08431374499253258,7.323762657295991e-06,0.046294741332530975
-0.07958653718503889,0.0011073642203156084,0.08638765662908554
-0.11001550387787445,0.03471638177449815,0.008320407941937447
-0.10795348783878422,0.005375869000617709,0.017079617828130722
-0.09026702565702505,0.04174750551023452,0.13597357273101807
-0.07136047855546723,0.7311650885061484,0.1824221909046173
-0.09949256907886078,0.06784259832060985,0.21989764273166656
-0.08800089160962271,0.04882612491217189,0.6367841958999634
-0.10458234966520663,0.9293721598204974,0.09386970847845078
-0.09665608339266135,0.6180554841054574,0.3890877068042755
-0.0949071285393881,0.029351333275547602,0.04974339157342911
-0.10514630242822831,0.007605027724714747,0.1340089589357376
-0.08617554199249039,0.0004998049583115544,0.03461328521370888
-0.09924551215595001,0.017700215793719106,0.023849600926041603
-0.07767557676100245,0.08427900790940124,0.11577937006950378
-0.09431088521899123,0.06266231300189704,0.0756702795624733
-0.09361834553306253,0.005378128496152778,0.006517171394079924
-0.10693535097672402,0.019576632200729163,0.043490517884492874
-0.09266030219175919,0.0002804013173572827,0.024091573432087898
-0.08822547137067727,0.0025121169753236664,0.19966883957386017
-0.09708060022894693,0.10810731626355574,0.04177040606737137
-0.10774813823057866,0.47726769918442774,0.23075906932353973
-0.11278026579605793,0.032984136653442325,0.01099332794547081
-0.11557511938497905,0.00232453908722161,0.014806538820266724
-0.06725026791231953,0.9536616082117155,0.2780844569206238
-0.0900061888351334,0.16101025803060606,0.07715955376625061
-0.10134903584513921,0.160412641448213,0.06122831255197525
-0.08324541950965603,0.8198901404691147,0.04106497764587402
-0.09054584693117296,0.000770375784567216,0.05783804506063461
-0.11451673914613708,0.33712320776055216,0.06714610755443573
-0.09114249185081097,0.00012417494223811547,0.0035456775221973658
-0.10002926733307288,0.020476310256604898,0.067537322640419
-0.08987532295323236,0.0010460515907489438,0.031014319509267807
-0.10679366920758804,0.026644693377085436,0.021792253479361534
-0.08199255948438461,0.0036578857588710303,0.027340590953826904
-0.09210617453017489,0.00908428246463964,0.03002023696899414
-0.10421162928715616,0.00036980092842795213,0.037555187940597534
-0.09379309190853896,0.005190302260053256,0.027709996327757835
-0.10225813418371787,0.011426708284714844,0.029421618208289146
-0.09359715267460089,0.31608613463015883,0.02522631548345089
-0.10791661274692421,0.1223731330438039,0.07351003587245941
-0.11964470237413793,0.1586384271844603,0.04873988404870033
-0.08363331566321525,0.029475490598577164,0.05491669476032257
-0.08619896577086467,0.040191605957678414,0.07981589436531067
-0.10131109385708648,0.38037631453995013,0.3026164472103119
-0.10281684132194074,0.9544614442125982,0.3810892403125763
-0.07886336623199985,0.003987722118224712,0.00802615750581026
-0.10410057897956038,0.088755741094547,0.03539561852812767
-0.09398287399168476,0.11823148132959216,0.0582367442548275
-0.09744586215585016,0.0003883786770200948,0.005715391598641872
-0.10670521568913871,0.05493930243970597,0.19544826447963715
-0.08756245215465153,0.006598133920115146,0.10078736394643784
-0.10094666345541586,0.02707010481399207,0.04702712595462799
-0.10779840015234926,0.047863854053902144,0.007535235490649939
-0.10073236393818541,0.00622558774255866,0.04840259626507759
-0.07460815945663063,2.391618906794463e-05,0.08060799539089203
-0.1102003618852943,0.007587528480074803,0.06108561530709267
-0.10039335774959107,0.0475177815278635,0.016546253114938736
-0.10684345844060744,0.08494226726250155,0.04684124514460564
-0.09057496043020008,0.029973765182947542,0.02798359841108322
-0.09466849109957093,0.09765948748923206,0.01853940077126026
-0.10514479661325554,0.0002507525076337837,0.0063128299079835415
-0.10334000130969162,0.0010573820470413027,0.05237650126218796
-0.10331381935352962,0.00448963301187461,0.08880309760570526
-0.0841919799220257,0.0013649986526349809,0.022504599764943123
-0.07858936882946038,0.0018103138908197505,0.008205384947359562
-0.09231039827024501,0.6665826722262261,0.04627270624041557
-0.1075024614389884,0.0039051217329458864,0.057451408356428146
-0.07466590814756163,0.008082346326886562,0.019389882683753967
-0.10877141092456932,0.010918624645247042,0.01203753799200058
-0.10439273739119398,0.0015175056539142744,0.0032522655092179775
-0.09308275899023716,0.003569336497073474,0.017210356891155243
-0.11454683290169826,0.0209692959967812,0.046580638736486435
-0.09836298365029328,0.01688076321726309,0.003491594223305583
-0.10394373379855848,0.015172531833529691,0.0101440055295825
-0.09871492583049285,0.020836254202168534,0.02000063844025135
-0.10643935054613896,0.007851973500441606,0.11900877952575684
-0.0701762346316469,0.15052202193769296,0.023989547044038773
-0.04791234438738873,0.9812998459400412,0.6323481798171997
-0.0901798767409347,0.037168613326945724,0.026581019163131714
-0.1116077094414995,0.0037786464066358974,0.00805974192917347
-0.0969650028901397,0.999971223116911,0.6851036548614502
-0.09329816492841952,0.1371923615521073,0.016542304307222366
-0.08604748780391963,0.020820982907909198,0.03318628668785095
-0.08753188344300195,0.9175016811909484,0.031648579984903336
-0.07602776626063351,6.210950975791884e-05,0.052447475492954254
-0.09934188029381141,0.04452718316445502,0.05028034746646881
-0.0991664690972372,0.009670633440200844,0.04395747184753418
-0.09092536556098457,0.012469023252264792,0.001128258416429162
-0.09202385070066571,0.0018661751573572562,0.08808223903179169
-0.090114692825768,0.02914072726020602,0.03079175390303135
-0.08213506769653495,0.08282646277586062,0.10102174431085587
-0.09515174881093763,0.17103928258928144,0.007751593366265297
-0.10363705162041231,0.08225890636451343,0.019351953640580177
-0.1048289323441905,0.013666252045861626,0.008819634094834328
-0.12044682689312664,0.05313553261825457,0.011318107135593891
-0.08810136916018185,0.02468220304553131,0.02035854198038578
-0.06807310488380153,0.004672195477433243,0.003407925134524703
-0.08551209378252228,0.0010154134270751747,0.011728798970580101
-0.05263369367975784,4.362322848426209e-07,0.0034086103551089764
-0.08792343012880033,0.006449632862043321,0.00710954749956727
-0.09988603125457124,0.025078750738395276,0.010565771721303463
-0.11436277358050512,0.01303587715114724,0.0037386349868029356
-0.0773465654553922,5.0308203354243845e-05,0.004540989641100168
-0.10797786229233136,0.0002414244436071322,0.005222629755735397
-0.10206102055743987,0.12048537316864354,0.028568588197231293
-0.09413471284769881,2.7114967142867096e-05,0.014839022420346737
-0.11431797128706617,0.009782688930197923,0.027441788464784622
-0.0684799562150813,0.42803799750819355,0.15086913108825684
-0.09698425289741419,0.06927593181422477,0.012152113951742649
-0.061877189620326845,3.9295323536760976e-05,0.008356837555766106
-0.09380926169242026,0.001272419374325843,0.003609693143516779
-0.11137040952214522,0.3359585270162456,0.06649385392665863
-0.09060038945035931,0.028733313516839838,0.0047163208946585655
-0.11308705298630456,0.002592941537343779,0.005225620698183775
-0.1042079487712051,0.002488538298439907,0.013205778785049915
-0.08379122051077587,0.1544973219097007,0.4421391189098358
-0.0929800051886504,0.00702099626333209,0.01484731212258339
-0.08439099373033959,0.0017488839465547937,0.004234115593135357
-0.09719656826417372,0.5326237804238977,0.013158178888261318
-0.09445885084208572,0.002901434720299542,0.0017041132086887956
-0.10420404837210184,0.01953174923750851,0.028228506445884705
-0.09626119503289993,0.0033757981907605247,0.0031882538460195065
-0.10379611038868786,0.006077973526163417,0.0050019449554383755
-0.09248071420522364,0.08783186442228061,0.005856728181242943
-0.08008554905392795,0.01947285343265591,0.015053789131343365
-0.10454791479044662,0.005175969260607118,0.010635417886078358
-0.0652739298769826,0.03753604950328858,0.054856255650520325
-0.11540629855273266,0.19669337516426133,0.14605166018009186
-0.09286493981507626,0.03457494002893774,0.021142350509762764
-0.11303370708901289,0.0748415716703564,0.029370823875069618
-0.10677828092080172,0.21080683157483465,0.11369625478982925
-0.10072345470627192,0.4476872580159763,0.0036179586313664913
-0.09895134895002089,0.05470108340621468,0.0674888864159584
-0.10317002163729438,0.008903048058127767,0.007460608612746
-0.07962833285402943,0.0011295451297251289,0.001691238721832633
-0.08066301431601963,0.009123397557382649,0.018771972507238388
-0.07078268471115423,8.554823882816452e-07,0.08212664723396301
-0.10267003277410025,0.003134584008737259,0.0017116699600592256
-0.029088135395853754,9.383470137247773e-08,0.15242041647434235
-0.09306784550797725,0.00046123288608694086,0.0662941038608551
-0.10936839440432333,0.0626717317678004,0.062140848487615585
-0.05601362542015098,1.89630662255197e-05,0.025715192779898643
-0.09483293972952256,0.06521600034151136,0.004920402076095343
-0.11449365408617662,0.0031399241497175644,0.0018239528872072697
-0.08212626058180045,0.07340399189685641,0.00407043332234025
-0.09724646325303432,0.005023154470499988,0.0013198313536122441
-0.09405425290061986,3.517576641189582e-05,0.0035705938935279846
-0.09491729100303176,0.7637371189755977,0.0626840814948082
-0.0907660941238761,0.0007820079939110208,0.007250737398862839
-0.07884835304438326,0.0008406396749981915,0.032013408839702606
-0.1095442098241951,0.5458155230423453,0.0660100057721138
-0.09848211838447513,0.19807331552176569,0.0039640264585614204
-0.09485361631874123,0.0017708328397103565,0.01056348904967308
-0.08236280690837189,0.00028109883573340335,0.003169758478179574
-0.08431309201301174,0.000776675581233198,0.002897213213145733
-0.09212437641341348,1.7488178566170086e-05,0.005143491551280022
-0.09420452792654432,0.00034168724068981484,0.00856748316437006
-0.092652663946161,0.00044383307119019136,0.006623259279876947
-0.08519749656294817,1.3832659989793766e-05,0.007844876497983932
-0.09985001565881574,0.0031571070333223828,0.1264696568250656
-0.10305958164897744,0.0006202134112593622,0.004727083723992109
-0.09270333880041481,0.005418965633562772,0.013077238574624062
-0.06303618677430323,0.00019996807241324895,0.007642184849828482
-0.09809813193496708,0.004947299397863752,0.0018525945488363504
-0.10673301347642655,0.009382446318501464,0.0019661150872707367
-0.07615107651366515,0.022225518935126472,0.00586853688582778
-0.08786602411603617,0.005308221064520157,0.006360598374158144
-0.10524235526303366,0.050523981228497654,0.01195615716278553
-0.06393947419791973,0.0007665305521778523,0.0025981387589126825
-0.04023791093251705,5.404115190250531e-05,0.014453176409006119
-0.0953885568343597,0.040809906337478385,0.015440477058291435
-0.07206648420627593,0.0015259725765446447,0.004758096300065517
-0.09273151633541843,0.01784958682600118,0.00819428637623787
-0.09053724408773195,0.0009233763056765269,0.01043351087719202
-0.09502613941433607,0.02414270421710245,0.0011556140379980206
-0.08924205347654957,0.046334443209661604,0.0025405106134712696
-0.1028604929818972,0.09631761896122688,0.013360484503209591
-0.0834465811959893,0.008252408793223316,0.011513943783938885
-0.08917839218251655,0.005821658338274019,0.00373800634406507
-0.0868907156894026,0.05776416270604977,0.015365132130682468
-0.09004538509397692,0.4718827019724065,0.02200911194086075
-0.0778331551216534,0.0001751030331162163,0.016087327152490616
-0.09891785672691933,0.00015034757446077583,0.003005438717082143
-0.06345304805390106,0.03910162729034015,0.0394320972263813
-0.10798750534583051,0.001273340563330056,0.0017392500303685665
-0.10734806689746162,0.04738390749079389,0.025198711082339287
-0.08426646996660664,0.09887376643176825,0.27225902676582336
-0.10755293118185977,0.18627836454197,0.10217612236738205
-0.1037242851816002,0.10297740495634562,0.003000830067321658
-0.08543907167732312,0.18617282677806496,0.02441304922103882
-0.07985209629815165,0.0021128499843892285,0.023042507469654083
-0.09447156372148818,0.03435016100197699,0.013138329610228539
-0.09470273860077927,0.04246663830560142,0.002996697323396802
-0.09787899003112771,0.09589925741277959,0.09961743652820587
-0.0744200486792217,0.013287828541185992,0.007782417349517345
-0.09647854065740563,0.004092509189656868,0.005475396290421486
-0.10165063237067601,0.0028298846017786707,0.006537062581628561
-0.07712542706077868,0.0024107111536268125,0.007710638456046581
-0.08186175159863446,0.14380379143061764,0.021120326593518257
-0.08005577263173347,0.870961538753087,0.010220629163086414
-0.08016418403894227,0.015233279949952626,0.016672004014253616
-0.09412969314282676,0.029180103785254718,0.013975993730127811
-0.0999242125662162,0.17332168893249872,0.2357582300901413
-0.0703057927073335,0.005959305141189645,0.005696932785212994
-0.08152642806718213,0.0004569694391117656,0.002548073884099722
-0.08280268360338172,0.0019217904997293812,0.00423569418489933
-0.08366738137066959,0.004272507939421514,0.013096743263304234
-0.08160800080656538,0.004140177164644362,0.013810793869197369
-0.08109471212697833,0.006912639769450187,0.013642974197864532
-0.0894837506570429,0.0009128053641573828,0.0036207118537276983
-0.09141791111209518,0.7694110292252515,0.12863776087760925
-0.10642203031850495,0.0744931076262477,0.00382228079251945
-0.10389193669561397,0.008167777654730143,0.0034022212494164705
-0.06428921766596185,0.487288387162659,0.007455334533005953
-0.10757398286743214,0.006014665120583795,0.006496090907603502
-0.09297281248673228,0.0029603442708031405,0.005578226875513792
-0.08907005243322308,0.06320785694083979,0.011185449548065662
-0.09481185716467261,0.003837826436753226,0.006630636285990477
-0.10571791379738293,0.0005335643702415165,0.005786107853055
-0.06449614720467495,0.11330080554765044,0.12809908390045166
-0.09695007208002265,0.005517289645752221,0.06305520981550217
-0.10105161628931986,0.00865902177932076,0.0243397057056427
-0.10214123573095518,0.24051862313965877,0.0207187682390213
-0.09985395478547637,0.018260713521992572,0.006118346471339464
-0.08359925814769043,0.1916280117513904,0.05491843819618225
-0.10493453612359838,0.258178941791219,0.030711380764842033
-0.11365920957430148,0.02153959636547741,0.005066596902906895
-0.10639241706402036,0.05008713225710022,0.05876189097762108
-0.10114884903343924,0.0043216438464206705,0.006766234524548054
-0.09974859167415506,0.07621288790771194,0.010901103727519512
-0.10143882323759801,0.0034016582783474624,0.027926240116357803
-0.11074741207694688,0.008164469747680455,0.003837442258372903
-0.0782529274054668,0.002684756426977865,0.010697773657739162
-0.09788353079455075,0.04874642720212304,0.005348357371985912
-0.10469496775037657,0.2546716170665621,0.03942015394568443
-0.0861455658481205,0.7263309135915388,0.012681907042860985
-0.0994385163787943,0.2403141958581858,0.025223730131983757
-0.09934108989184737,0.12714739970051536,0.06460323184728622
-0.1061641789392681,0.057751986767116216,0.005598617717623711
-0.09788542314765358,0.05763677987375797,0.005112712737172842
-0.09185213438274936,0.036981422319179676,0.0013580899685621262
-0.11655727420151818,0.01009846364372387,0.017539359629154205
-0.08745360936576257,0.02399079126776944,0.007007746025919914
-0.08485231468850662,0.45240446677364643,0.01695730723440647
-0.1262566658164891,0.09459174293391497,0.10476402193307877
-0.10220690389270332,0.15408544405969618,0.045568082481622696
-0.108436819302413,0.01113198950068902,0.08850252628326416
